Sheet Name,Column Name,Unique Column Name,Description,Data Type,Unit,Categories,Epicollect Recommended Type,Plotting Column Name,Retain?,Processing/Collection Recommendations,Data Quality Issues
Personal Information,age_years,PersonalInformation_age_years,Age of participant in years,Integer,Years,N/A,Numeric,Age (years),Yes,"Validate range (e.g., 18-120), consider calculating from birth date",none
Personal Information,gender,PersonalInformation_gender,Gender of participant,Categorical,N/A,"Male, Female, Others",Dropdown,Gender,Yes,"Add ""Prefer not to say"" option, consider allowing multiple selections",Some inconsistent capitalization
Personal Information,last_menstrual_cycle_date,PersonalInformation_last_menstrual_cycle_date,Date of last menstrual cycle,Date,N/A,N/A,Date,Last Menstrual Cycle Date,Yes,"Ensure consistent date format, add option for ""Not applicable""","Some missing data, inconsistent formats"
Personal Information,has_endocrine_disorder,PersonalInformation_has_endocrine_disorder,Presence of endocrine disorders,Boolean,N/A,"Yes, No",Radio,Has Endocrine Disorder,Yes,"Add follow-up question for specific disorders if ""Yes""",Some entries include additional details
Personal Information,occupation_category,PersonalInformation_occupation_category,Categorized occupation,Categorical,N/A,"Professional, Semi-professional, Clerical/shop/farmer, Skilled worker, Semi-skilled worker, Unskilled worker, Unemployed",Dropdown,Occupation,Yes,"Standardize categories, add free-text field for specific job titles",Some entries don't match categories
Personal Information,income_category,PersonalInformation_income_category,Categorized annual family income,Categorical,INR,">1,85,895, 92,951 - 1,85,894, 69,535 – 92,950, 46,475 – 69,534, 27,883 – 46,474, 9,308 – 27,882, <9,307",Dropdown,Family Income Category,Yes,"Use numerical ranges, consider adding a separate field for exact amount",Some entries include exact amounts
Personal Information,marital_status,PersonalInformation_marital_status,Current marital status,Categorical,N/A,"Single, Married, Divorced, Widow/Widower",Dropdown,Marital Status,Yes,"Consider adding ""Separated"" and ""Other"" options",Some inconsistent terminology
Personal Information,education_level,PersonalInformation_education_level,Highest level of education completed,Categorical,N/A,"Professional degree, Graduate, Intermediate/diploma, High school, Middle school, Primary school, Illiterate",Dropdown,Education Level,Yes,Consider adding years of education as a separate numeric field,Some entries include additional details
Vitals,pulse_rate_bpm,Vitals_pulse_rate_bpm,Resting pulse rate,Integer,bpm,N/A,Numeric,Pulse Rate (bpm),Yes,"Validate range (e.g., 40-200 bpm), ensure consistent unit use",Some entries include units
Vitals,blood_pressure_mmhg,Vitals_blood_pressure_mmhg,Blood pressure measurement,String,mmHg,N/A,Text,Blood Pressure (mmHg),Yes,Split into systolic_bp and diastolic_bp columns,"Inconsistent formats (e.g., ""120/80"", ""120-80"")"
Vitals,respiratory_rate_bpm,Vitals_respiratory_rate_bpm,Respiratory rate,Integer,breaths per minute,N/A,Numeric,Respiratory Rate (bpm),Yes,"Validate range (e.g., 8-30 bpm), ensure consistent unit use",Some entries include units
Vitals,oxygen_saturation_percent,Vitals_oxygen_saturation_percent,Blood oxygen saturation level,Float,%,N/A,Numeric,Oxygen Saturation (%),Yes,"Validate range (e.g., 80-100%), ensure consistent unit use",Some entries missing % sign
Vitals,body_temperature_farenheit,Vitals_body_temperature_farenheit,Body temperature,Float,°F,N/A,Numeric,Body Temperature (°F),Yes,"Validate range (e.g., 35-42°F), ensure consistent unit use",Some entries in Fahrenheit
Vitals,pallor_present,Vitals_pallor_present,Presence of pallor,Boolean,N/A,"Present, Absent",Radio,Pallor Present,Yes,Consider adding a scale for severity if present,Some inconsistent terminology
Vitals,pallor_details,Vitals_pallor_details,Details of pallor if present,String,N/A,N/A,Text,Pallor Details,Yes,"Standardize response format, consider creating categorical options",Highly variable free-text responses
Co-Morbidities,has_type2_diabetes,Co-Morbidities_has_type2_diabetes,Presence of Type-2 Diabetes Mellitus,Boolean,N/A,"Yes, No",Radio,Has Type 2 Diabetes,Yes,"Add follow-up questions for duration and medication if ""Yes""",Some entries include additional details
Co-Morbidities,diabetes_duration_years,Co-Morbidities_diabetes_duration_years,Duration of Type-2 Diabetes,Float,Years,N/A,Numeric,Diabetes Duration (Years),Yes,"Ensure consistent unit use, validate range",Some entries include units or ranges
Co-Morbidities,diabetes_medication,Co-Morbidities_diabetes_medication,Medication for Type-2 Diabetes,String,N/A,N/A,Text,Diabetes Medication,Yes,Consider creating a standardized list of common medications,Highly variable free-text responses
Co-Morbidities,diabetes_particulars,Co-Morbidities_diabetes_particulars,Additional details about diabetes treatment,String,N/A,N/A,Text,Diabetes Treatment Details,Yes,Consider creating categorical options for common treatments,Highly variable free-text responses
Co-Morbidities,has_hypertension,Co-Morbidities_has_hypertension,Presence of Hypertension,Boolean,N/A,"Yes, No",Radio,Has Hypertension,Yes,"Add follow-up questions for duration and medication if ""Yes""",Some entries include additional details
Co-Morbidities,hypertension_duration_years,Co-Morbidities_hypertension_duration_years,Duration of Hypertension,Float,Years,N/A,Numeric,Hypertension Duration (Years),Yes,"Ensure consistent unit use, validate range",Some entries include units or ranges
Co-Morbidities,hypertension_medication,Co-Morbidities_hypertension_medication,Medication for Hypertension,String,N/A,N/A,Text,Hypertension Medication,Yes,Consider creating a standardized list of common medications,Highly variable free-text responses
Co-Morbidities,hypertension_particulars,Co-Morbidities_hypertension_particulars,Additional details about hypertension treatment,String,N/A,N/A,Text,Hypertension Treatment Details,Yes,Consider creating categorical options for common treatments,Highly variable free-text responses
Co-Morbidities,has_ischemic_heart_disease,Co-Morbidities_has_ischemic_heart_disease,Presence of Ischemic Cardiac disease,Boolean,N/A,"Yes, No",Radio,Has Ischemic Heart Disease,Yes,"Add follow-up questions for duration and medication if ""Yes""",Some entries include additional details
Co-Morbidities,cardiac_disease_duration_years,Co-Morbidities_cardiac_disease_duration_years,Duration of Ischemic Cardiac disease,Float,Years,N/A,Numeric,Cardiac Disease Duration (Years),Yes,"Ensure consistent unit use, validate range",Some entries include units or ranges
Co-Morbidities,cardiac_disease_medication,Co-Morbidities_cardiac_disease_medication,Medication for Ischemic Cardiac disease,String,N/A,N/A,Text,Cardiac Disease Medication,Yes,Consider creating a standardized list of common medications,Highly variable free-text responses
Co-Morbidities,cardiac_disease_particulars,Co-Morbidities_cardiac_disease_particulars,Additional details about cardiac disease treatment,String,N/A,N/A,Text,Cardiac Disease Treatment Details,Yes,Consider creating categorical options for common treatments,Highly variable free-text responses
Co-Morbidities,has_hypothyroidism,Co-Morbidities_has_hypothyroidism,Presence of Hypothyroidism,Boolean,N/A,"Yes, No",Radio,Has Hypothyroidism,Yes,"Add follow-up questions for duration and medication if ""Yes""",Some entries include additional details
Co-Morbidities,hypothyroidism_duration_years,Co-Morbidities_hypothyroidism_duration_years,Duration of Hypothyroidism,Float,Years,N/A,Numeric,Hypothyroidism Duration (Years),Yes,"Ensure consistent unit use, validate range",Some entries include units or ranges
Co-Morbidities,hypothyroidism_medication,Co-Morbidities_hypothyroidism_medication,Medication for Hypothyroidism,String,N/A,N/A,Text,Hypothyroidism Medication,Yes,Consider creating a standardized list of common medications,Highly variable free-text responses
Co-Morbidities,hypothyroidism_particulars,Co-Morbidities_hypothyroidism_particulars,Additional details about hypothyroidism treatment,String,N/A,N/A,Text,Hypothyroidism Treatment Details,Yes,Consider creating categorical options for common treatments,Highly variable free-text responses
Co-Morbidities,has_chronic_kidney_disease,Co-Morbidities_has_chronic_kidney_disease,Presence of Chronic Kidney Disease,Boolean,N/A,"Yes, No",Radio,Has Chronic Kidney Disease,Yes,"Add follow-up questions for duration and medication if ""Yes""",Some entries include additional details
Co-Morbidities,kidney_disease_duration_years,Co-Morbidities_kidney_disease_duration_years,Duration of Chronic Kidney Disease,Float,Years,N/A,Numeric,Kidney Disease Duration (Years),Yes,"Ensure consistent unit use, validate range",Some entries include units or ranges
Co-Morbidities,kidney_disease_medication,Co-Morbidities_kidney_disease_medication,Medication for Chronic Kidney Disease,String,N/A,N/A,Text,Kidney Disease Medication,Yes,Consider creating a standardized list of common medications,Highly variable free-text responses
Co-Morbidities,kidney_disease_particulars,Co-Morbidities_kidney_disease_particulars,Additional details about kidney disease treatment,String,N/A,N/A,Text,Kidney Disease Treatment Details,Yes,Consider creating categorical options for common treatments,Highly variable free-text responses
Co-Morbidities,has_copd,Co-Morbidities_has_copd,Presence of Chronic Obstructive Pulmonary Disease,Boolean,N/A,"Yes, No",Radio,Has COPD,Yes,"Add follow-up questions for duration and medication if ""Yes""",Some entries include additional details
Co-Morbidities,copd_duration_years,Co-Morbidities_copd_duration_years,Duration of COPD,Float,Years,N/A,Numeric,COPD Duration (Years),Yes,"Ensure consistent unit use, validate range",Some entries include units or ranges
Co-Morbidities,copd_medication,Co-Morbidities_copd_medication,Medication for COPD,String,N/A,N/A,Text,COPD Medication,Yes,Consider creating a standardized list of common medications,Highly variable free-text responses
Co-Morbidities,copd_particulars,Co-Morbidities_copd_particulars,Additional details about COPD treatment,String,N/A,N/A,Text,COPD Treatment Details,Yes,Consider creating categorical options for common treatments,Highly variable free-text responses
Co-Morbidities,has_bronchial_asthma,Co-Morbidities_has_bronchial_asthma,Presence of Bronchial Asthma,Boolean,N/A,"Yes, No",Radio,Has Bronchial Asthma,Yes,"Add follow-up questions for duration and medication if ""Yes""",Some entries include additional details
Co-Morbidities,asthma_duration_years,Co-Morbidities_asthma_duration_years,Duration of Bronchial Asthma,Float,Years,N/A,Numeric,Asthma Duration (Years),Yes,"Ensure consistent unit use, validate range",Some entries include units or ranges
Co-Morbidities,asthma_medication,Co-Morbidities_asthma_medication,Medication for Bronchial Asthma,String,N/A,N/A,Text,Asthma Medication,Yes,Consider creating a standardized list of common medications,Highly variable free-text responses
Co-Morbidities,asthma_particulars,Co-Morbidities_asthma_particulars,Additional details about asthma treatment,String,N/A,N/A,Text,Asthma Treatment Details,Yes,Consider creating categorical options for common treatments,Highly variable free-text responses
Co-Morbidities,has_epilepsy,Co-Morbidities_has_epilepsy,Presence of Epilepsy,Boolean,N/A,"Yes, No",Radio,Has Epilepsy,Yes,"Add follow-up questions for duration and medication if ""Yes""",Some entries include additional details
Co-Morbidities,epilepsy_duration_years,Co-Morbidities_epilepsy_duration_years,Duration of Epilepsy,Float,Years,N/A,Numeric,Epilepsy Duration (Years),Yes,"Ensure consistent unit use, validate range",Some entries include units or ranges
Co-Morbidities,epilepsy_medication,Co-Morbidities_epilepsy_medication,Medication for Epilepsy,String,N/A,N/A,Text,Epilepsy Medication,Yes,Consider creating a standardized list of common medications,Highly variable free-text responses
Co-Morbidities,epilepsy_particulars,Co-Morbidities_epilepsy_particulars,Additional details about epilepsy treatment,String,N/A,N/A,Text,Epilepsy Treatment Details,Yes,Consider creating categorical options for common treatments,Highly variable free-text responses
Co-Morbidities,has_psychiatric_illness,Co-Morbidities_has_psychiatric_illness,Presence of Psychiatric Illness,Boolean,N/A,"Yes, No",Radio,Has Psychiatric Illness,Yes,"Add follow-up questions for specific diagnosis, duration, and medication if ""Yes""",Some entries include additional details
Co-Morbidities,psychiatric_illness_duration_years,Co-Morbidities_psychiatric_illness_duration_years,Duration of Psychiatric Illness,Float,Years,N/A,Numeric,Psychiatric Illness Duration (Years),Yes,"Ensure consistent unit use, validate range",Some entries include units or ranges
Co-Morbidities,psychiatric_illness_medication,Co-Morbidities_psychiatric_illness_medication,Medication for Psychiatric Illness,String,N/A,N/A,Text,Psychiatric Illness Medication,Yes,Consider creating a standardized list of common medications,Highly variable free-text responses
Co-Morbidities,psychiatric_illness_particulars,Co-Morbidities_psychiatric_illness_particulars,Additional details about psychiatric illness treatment,String,N/A,N/A,Text,Psychiatric Illness Treatment Details,Yes,Consider creating categorical options for common treatments,Highly variable free-text responses
Co-Morbidities,had_past_surgery,Co-Morbidities_had_past_surgery,History of Past Surgery,Boolean,N/A,"Yes, No",Radio,Had Past Surgery,Yes,"Add follow-up questions for type of surgery and date if ""Yes""",Some entries include additional details
Co-Morbidities,time_since_surgery_years,Co-Morbidities_time_since_surgery_years,Time since last surgery,Float,Years,N/A,Numeric,Time Since Surgery (Years),Yes,"Ensure consistent unit use, validate range",Some entries include units or ranges
Co-Morbidities,post_surgery_medication,Co-Morbidities_post_surgery_medication,Current medication related to past surgery,String,N/A,N/A,Text,Post-Surgery Medication,Yes,Consider creating a standardized list of common medications,Highly variable free-text responses
Co-Morbidities,surgery_particulars,Co-Morbidities_surgery_particulars,Additional details about past surgery,String,N/A,N/A,Text,Surgery Details,Yes,Consider creating categorical options for common surgeries,Highly variable free-text responses
Co-Morbidities,has_other_comorbidities,Co-Morbidities_has_other_comorbidities,Presence of Other Comorbidities,Boolean,N/A,"Yes, No",Radio,Has Other Comorbidities,Yes,"Add follow-up questions for specific conditions if ""Yes""",Some entries include additional details
Co-Morbidities,other_comorbidities_duration_years,Co-Morbidities_other_comorbidities_duration_years,Duration of Other Comorbidities,Float,Years,N/A,Numeric,Other Comorbidities Duration (Years),Yes,"Ensure consistent unit use, validate range",Some entries include units or ranges
Co-Morbidities,other_comorbidities_medication,Co-Morbidities_other_comorbidities_medication,Medication for Other Comorbidities,String,N/A,N/A,Text,Other Comorbidities Medication,Yes,Consider creating a standardized list of common medications,Highly variable free-text responses
Co-Morbidities,other_comorbidities_particulars,Co-Morbidities_other_comorbidities_particulars,Additional details about other comorbidities,String,N/A,N/A,Text,Other Comorbidities Details,Yes,Consider creating categorical options for common conditions,Highly variable free-text responses
Anthropometry,height_cm,Anthropometry_height_cm,Height of participant,Float,cm,N/A,Numeric,Height (cm),Yes,"Validate range (e.g., 100-250 cm), ensure consistent unit use",Some entries include units
Anthropometry,weight_kg,Anthropometry_weight_kg,Weight of participant,Float,kg,N/A,Numeric,Weight (kg),Yes,"Validate range (e.g., 20-300 kg), ensure consistent unit use",Some entries include units
Anthropometry,bmi,Anthropometry_bmi,Body Mass Index,Float,kg/m² ,N/A,Numeric,BMI (kg/m²),Yes,"Automatically calculate from height and weight, validate range (e.g., 10-60)",Some manual calculations may be incorrect
Head-to-toe Examination,skin_condition,Head-to-toeExamination_skin_condition,Condition of the skin,Categorical,N/A,"Normal, Abnormal",Radio,Skin Condition,Yes,"Add follow-up question for details if ""Abnormal""",Some inconsistent terminology
Head-to-toe Examination,skin_condition_details,Head-to-toeExamination_skin_condition_details,Details of abnormal skin condition,String,N/A,N/A,Text,Skin Condition Details,Yes,Consider creating categorical options for common skin conditions,Highly variable free-text responses
Head-to-toe Examination,hair_condition,Head-to-toeExamination_hair_condition,Condition of the hair,Categorical,N/A,"Normal, Abnormal",Radio,Hair Condition,Yes,"Add follow-up question for details if ""Abnormal""",Some inconsistent terminology
Head-to-toe Examination,hair_condition_details,Head-to-toeExamination_hair_condition_details,Details of abnormal hair condition,String,N/A,N/A,Text,Hair Condition Details,Yes,Consider creating categorical options for common hair conditions,Highly variable free-text responses
Head-to-toe Examination,nail_condition,Head-to-toeExamination_nail_condition,Condition of the nails,Categorical,N/A,"Normal, Abnormal",Radio,Nail Condition,Yes,"Add follow-up question for details if ""Abnormal""",Some inconsistent terminology
Head-to-toe Examination,nail_condition_details,Head-to-toeExamination_nail_condition_details,Details of abnormal nail condition,String,N/A,N/A,Text,Nail Condition Details,Yes,Consider creating categorical options for common nail conditions,Highly variable free-text responses
Systemic Examination,cardiovascular_exam,SystemicExamination_cardiovascular_exam,Cardiovascular system examination results,String,N/A,N/A,Text,Cardiovascular Exam,Yes,Create standardized options for common findings,Highly variable free-text responses
Systemic Examination,respiratory_exam,SystemicExamination_respiratory_exam,Respiratory system examination results,String,N/A,N/A,Text,Respiratory Exam,Yes,Create standardized options for common findings,Highly variable free-text responses
Systemic Examination,abdominal_exam,SystemicExamination_abdominal_exam,Per Abdomen examination results,String,N/A,N/A,Text,Abdominal Exam,Yes,Create standardized options for common findings,Highly variable free-text responses
Annexure-1 MMSE,orientation_time_score,Annexure-1MMSE_orientation_time_score,"Score for naming year, month, day, date, season",Integer,N/A,0-5,Numeric,Orientation (Time) Score,Yes,Validate range (0-5),Some entries out of range
Annexure-1 MMSE,orientation_place_score,Annexure-1MMSE_orientation_place_score,"Score for naming country, county, town, hospital, floor",Integer,N/A,0-5,Numeric,Orientation (Place) Score,Yes,Validate range (0-5),Some entries out of range
Annexure-1 MMSE,registration_score,Annexure-1MMSE_registration_score,Score for repeating three objects,Integer,N/A,0-3,Numeric,Registration Score,Yes,Validate range (0-3),Some entries out of range
Annexure-1 MMSE,attention_calculation_score,Annexure-1MMSE_attention_calculation_score,Score for serial 7s task,Integer,N/A,0-5,Numeric,Attention & Calculation Score,Yes,Validate range (0-5),Some entries out of range
Annexure-1 MMSE,attention_spelling_score,Annexure-1MMSE_attention_spelling_score,"Score for spelling ""WORLD"" backwards",Integer,N/A,0-5,Numeric,Attention (Spelling) Score,Yes,"Validate range (0-5), use best score of 198 or 199",Some entries out of range
Annexure-1 MMSE,recall_score,Annexure-1MMSE_recall_score,Score for recalling three objects,Integer,N/A,0-3,Numeric,Recall Score,Yes,Validate range (0-3),Some entries out of range
Annexure-1 MMSE,naming_score,Annexure-1MMSE_naming_score,Score for naming two objects,Integer,N/A,0-2,Numeric,Naming Score,Yes,Validate range (0-2),Some entries out of range
Annexure-1 MMSE,repetition_score,Annexure-1MMSE_repetition_score,Score for repeating a phrase,Integer,N/A,0-1,Numeric,Repetition Score,Yes,Validate range (0-1),Some entries out of range
Annexure-1 MMSE,comprehension_score,Annexure-1MMSE_comprehension_score,Score for following a three-stage command,Integer,N/A,0-3,Numeric,Comprehension Score,Yes,Validate range (0-3),Some entries out of range
Annexure-1 MMSE,reading_score,Annexure-1MMSE_reading_score,Score for reading and obeying a command,Integer,N/A,0-1,Numeric,Reading Score,Yes,Validate range (0-1),Some entries out of range
Annexure-1 MMSE,writing_score,Annexure-1MMSE_writing_score,Score for writing a sentence,Integer,N/A,0-1,Numeric,Writing Score,Yes,Validate range (0-1),Some entries out of range
Annexure-1 MMSE,drawing_score,Annexure-1MMSE_drawing_score,Score for copying a design,Integer,N/A,0-1,Numeric,Drawing Score,Yes,Validate range (0-1),Some entries out of range
Annexure-1 MMSE,mmse_total_score,Annexure-1MMSE_mmse_total_score,Total MMSE score,Integer,N/A,0-30,Numeric,MMSE Total Score,Yes,"Validate range (0-30), ensure it matches sum of individual scores",Some discrepancies in total calculation
Annexure-2 Simple Frail,fatigue_score,Annexure-2SimpleFrail_fatigue_score,Score for fatigue assessment,Integer,N/A,0-1,Numeric,Fatigue Score,Yes,Validate range (0-1),Some entries out of range
Annexure-2 Simple Frail,resistance_score,Annexure-2SimpleFrail_resistance_score,Score for resistance (difficulty walking up 10 steps),Integer,N/A,0-1,Numeric,Resistance Score,Yes,Validate range (0-1),Some entries out of range
Annexure-2 Simple Frail,ambulation_score,Annexure-2SimpleFrail_ambulation_score,Score for ambulation (difficulty walking several hundred yards),Integer,N/A,0-1,Numeric,Ambulation Score,Yes,Validate range (0-1),Some entries out of range
Annexure-2 Simple Frail,illness_score,Annexure-2SimpleFrail_illness_score,Score for illnesses,Integer,N/A,0-1,Numeric,Illness Score,Yes,Validate range (0-1),Some entries out of range
Annexure-2 Simple Frail,illness_details,Annexure-2SimpleFrail_illness_details,Details of illnesses reported,String,N/A,N/A,Text,Illness Details,Yes,Consider creating a standardized list of common illnesses,Highly variable free-text responses
Annexure-2 Simple Frail,current_weight_kg,Annexure-2SimpleFrail_current_weight_kg,Current weight of participant,Float,kg,N/A,Numeric,Current Weight (kg),Yes,"Ensure consistent unit use, validate range",Some entries include units
Annexure-2 Simple Frail,weight_one_year_ago_kg,Annexure-2SimpleFrail_weight_one_year_ago_kg,Weight of participant one year ago,Float,kg,N/A,Numeric,Weight One Year Ago (kg),Yes,"Ensure consistent unit use, validate range",Some entries include units
Annexure-2 Simple Frail,weight_change_percent,Annexure-2SimpleFrail_weight_change_percent,Percentage of weight change in past year,Float,%,N/A,Numeric,Weight Change (%),Yes,Automatically calculate from current and past weight,Some manual calculations may be incorrect
Annexure-2 Simple Frail,loss_of_weight_score,Annexure-2SimpleFrail_loss_of_weight_score,Score for loss of weight,Integer,N/A,0-1,Numeric,Loss of Weight Score,Yes,"Validate range (0-1), ensure it matches weight change percentage",Some discrepancies in score assignment
Annexure-2 Simple Frail,frailty_total_score,Annexure-2SimpleFrail_frailty_total_score,Total score for frailty assessment,Integer,N/A,0-5,Numeric,Frailty Total Score,Yes,"Validate range (0-5), ensure it matches sum of individual scores",Some discrepancies in total calculation
Dietary Pattern,breakfast_description,DietaryPattern_breakfast_description,Description of typical breakfast,String,N/A,N/A,Text,Breakfast Description,Yes,Consider creating categories for common breakfast types,Highly variable free-text responses
Dietary Pattern,lunch_description,DietaryPattern_lunch_description,Description of typical lunch,String,N/A,N/A,Text,Lunch Description,Yes,Consider creating categories for common lunch types,Highly variable free-text responses
Dietary Pattern,dinner_description,DietaryPattern_dinner_description,Description of typical dinner,String,N/A,N/A,Text,Dinner Description,Yes,Consider creating categories for common dinner types,Highly variable free-text responses
Dietary Pattern,has_daily_breakfast,DietaryPattern_has_daily_breakfast,Whether participant has breakfast daily,Boolean,N/A,"Yes, No",Radio,Has Daily Breakfast,Yes,"Consider adding follow-up question for frequency if ""No""",Some inconsistent terminology
Dietary Pattern,has_rice_at_dinner,DietaryPattern_has_rice_at_dinner,Whether participant has >1 bowl of rice per day at dinner,Boolean,N/A,"Yes, No",Radio,Has Rice at Dinner,Yes,Consider quantifying amount more precisely,Some entries include additional details
Dietary Pattern,frequent_meat_consumption,DietaryPattern_frequent_meat_consumption,Whether participant has meat dishes 3 or more times per week,Boolean,N/A,"Yes, No",Radio,Frequent Meat Consumption,Yes,Consider adding follow-up question for specific types of meat,Some entries include additional details
Dietary Pattern,frequent_eating_out,DietaryPattern_frequent_eating_out,Whether participant eats out/fast food 3 or more times a week,Boolean,N/A,"Yes, No",Radio,Frequent Eating Out,Yes,Consider adding follow-up question for types of restaurants/food,Some entries include additional details
Dietary Pattern,frequent_sweets_consumption,DietaryPattern_frequent_sweets_consumption,Whether participant has sweets/cakes more than once a week,Boolean,N/A,"Yes, No",Radio,Frequent Sweets Consumption,Yes,Consider quantifying frequency and amount more precisely,Some entries include additional details
Exercise Habits,exercise_frequency,ExerciseHabits_exercise_frequency,Frequency of exercise,Categorical,N/A,"Daily, 2-3 times a week, ï¹¤5 times a month, None",Dropdown,Exercise Frequency,Yes,Consider adding more granular options,Some inconsistent terminology
Exercise Habits,average_daily_steps,ExerciseHabits_average_daily_steps,Average daily step count,Integer,steps,N/A,Numeric,Average Daily Steps,Yes,"Validate range (e.g., 0-50000), consider source of data (e.g., pedometer, smartphone)",Some entries include units or ranges
Exercise Habits,work_activity_level,ExerciseHabits_work_activity_level,Level of physical activity at work,Categorical,N/A,"High physical activity, Moderate physical activity, Desk Job, Unemployed",Dropdown,Work Activity Level,Yes,Consider adding more detailed categories,Some entries don't match predefined categories
Exercise Habits,exercise_types,ExerciseHabits_exercise_types,Types of exercise performed,Categorical,N/A,"Walking, Running, Weight training/Strength Training, Cardio workout, Yoga, Other",Checkbox,Exercise Types,Yes,"Allow multiple selections, add field for ""Other"" specification",Some entries include multiple types in free text
Food Frequency List,cereals_frequency,FoodFrequencyList_cereals_frequency,Frequency of cereal consumption,Categorical,N/A,"Daily, Weekly, Monthly, Occasionally, Never",Dropdown,Cereals Consumption Frequency,Yes,Consider adding quantity information,Some entries include additional details
Food Frequency List,pulses_frequency,FoodFrequencyList_pulses_frequency,Frequency of pulse consumption,Categorical,N/A,"Daily, Weekly, Monthly, Occasionally, Never",Dropdown,Pulses Consumption Frequency,Yes,Consider adding quantity information,Some entries include additional details
Food Frequency List,green_leafy_veg_frequency,FoodFrequencyList_green_leafy_veg_frequency,Frequency of green leafy vegetable consumption,Categorical,N/A,"Daily, Weekly, Monthly, Occasionally, Never",Dropdown,Green Leafy Veg Consumption Frequency,Yes,Consider adding quantity information,Some entries include additional details
Food Frequency List,roots_tubers_frequency,FoodFrequencyList_roots_tubers_frequency,Frequency of roots and tubers consumption,Categorical,N/A,"Daily, Weekly, Monthly, Occasionally, Never",Dropdown,Roots and Tubers Consumption Frequency,Yes,Consider adding quantity information,Some entries include additional details
Food Frequency List,other_veg_frequency,FoodFrequencyList_other_veg_frequency,Frequency of other vegetable consumption,Categorical,N/A,"Daily, Weekly, Monthly, Occasionally, Never",Dropdown,Other Vegetables Consumption Frequency,Yes,Consider adding quantity information,Some entries include additional details
Food Frequency List,fruits_frequency,FoodFrequencyList_fruits_frequency,Frequency of fruit consumption,Categorical,N/A,"Daily, Weekly, Monthly, Occasionally, Never",Dropdown,Fruits Consumption Frequency,Yes,Consider adding quantity information,Some entries include additional details
Food Frequency List,egg_frequency,FoodFrequencyList_egg_frequency,Frequency of egg consumption,Categorical,N/A,"Daily, Weekly, Monthly, Occasionally, Never",Dropdown,Egg Consumption Frequency,Yes,Consider adding quantity information,Some entries include additional details
Food Frequency List,nuts_frequency,FoodFrequencyList_nuts_frequency,Frequency of nut consumption,Categorical,N/A,"Daily, Weekly, Monthly, Occasionally, Never",Dropdown,Nuts Consumption Frequency,Yes,Consider adding quantity information,Some entries include additional details
Food Frequency List,fats_oils_frequency,FoodFrequencyList_fats_oils_frequency,Frequency of fats and oils consumption,Categorical,N/A,"Daily, Weekly, Monthly, Occasionally, Never",Dropdown,Fats and Oils Consumption Frequency,Yes,Consider adding quantity information,Some entries include additional details
Food Frequency List,sugars_jaggery_frequency,FoodFrequencyList_sugars_jaggery_frequency,Frequency of sugars and jaggery consumption,Categorical,N/A,"Daily, Weekly, Monthly, Occasionally, Never",Dropdown,Sugars and Jaggery Consumption Frequency,Yes,Consider adding quantity information,Some entries include additional details
Food Frequency List,sweets_frequency,FoodFrequencyList_sweets_frequency,Frequency of chocolates/ice creams/cool drinks consumption,Categorical,N/A,"Daily, Weekly, Monthly, Occasionally, Never",Dropdown,Sweets Consumption Frequency,Yes,Consider adding quantity information,Some entries include additional details
Food Frequency List,non_veg_frequency,FoodFrequencyList_non_veg_frequency,Frequency of non-vegetarian food consumption,Categorical,N/A,"Daily, Weekly, Monthly, Occasionally, Never",Dropdown,Non-Veg Consumption Frequency,Yes,Consider adding quantity and type information,Some entries include additional details
Food Frequency List,processed_food_frequency,FoodFrequencyList_processed_food_frequency,Frequency of tinned food/junk food consumption,Categorical,N/A,"Daily, Weekly, Monthly, Occasionally, Never",Dropdown,Processed Food Consumption Frequency,Yes,Consider adding quantity information,Some entries include additional details
Habits,smoking_frequency,Habits_smoking_frequency,Frequency of smoking,Categorical,N/A,"Daily, 2-3 times a week, >4 times a month, Monthly, Occasionally, Never",Dropdown,Smoking Frequency,Yes,"Consider adding quantity information (e.g., cigarettes per day)",Some entries include additional details
Habits,alcohol_consumption_frequency,Habits_alcohol_consumption_frequency,Frequency of alcohol consumption,Categorical,N/A,"Daily, 2-3 times a week, >4 times a month, Monthly, Occasionally, Never",Dropdown,Alcohol Consumption Frequency,Yes,Consider adding quantity and type information,Some entries include additional details
Habits,tobacco_use_frequency,Habits_tobacco_use_frequency,Frequency of tobacco use,Categorical,N/A,"Daily, 2-3 times a week, >4 times a month, Monthly, Occasionally, Never",Dropdown,Tobacco Use Frequency,Yes,Consider adding quantity and type information,Some entries include additional details
Habits,other_substance_use_frequency,Habits_other_substance_use_frequency,Frequency of other substance use,Categorical,N/A,"Daily, 2-3 times a week, >4 times a month, Monthly, Occasionally, Never",Dropdown,Other Substance Use Frequency,Yes,Add field to specify the substance,Some entries include substance names
Habits,substance_use_details,Habits_substance_use_details,Additional details about substance use,String,N/A,N/A,Text,Substance Use Details,Yes,Consider creating structured fields for common details,Highly variable free-text responses
COVID-19 Infection,had_covid19,COVID-19Infection_had_covid19,Whether the participant was previously infected with COVID-19,Boolean,N/A,"Yes, No",Radio,Had COVID-19,Yes,"Add follow-up questions for date of infection if ""Yes""",Some entries include additional details
COVID-19 Infection,required_hospitalization,COVID-19Infection_required_hospitalization,Whether COVID-19 infection required hospital admission,Boolean,N/A,"Yes, No",Radio,Required Hospitalization,Yes,"Only applicable if had_covid19 is ""Yes""",Some inconsistencies with previous question
COVID-19 Infection,covid19_severity,COVID-19Infection_covid19_severity,Severity of COVID-19 infection,Categorical,N/A,"Mild, Moderate, Severe",Dropdown,COVID-19 Severity,Yes,"Only applicable if had_covid19 is ""Yes""",Some entries don't match predefined categories
COVID-19 Infection,required_icu_admission,COVID-19Infection_required_icu_admission,Whether COVID-19 infection required ICU admission,Boolean,N/A,"Yes, No",Radio,Required ICU Admission,Yes,"Only applicable if required_hospitalization is ""Yes""",Some inconsistencies with previous questions
COVID-19 Infection,hospitalization_duration,COVID-19Infection_hospitalization_duration,Duration of hospital stay for COVID-19,Categorical,N/A,"1 week, 2 weeks, 3 weeks, 1 month or more, Never",Dropdown,Hospitalization Duration,Yes,Consider using a numeric field for more precise data,Some entries include exact durations
COVID-19 Infection,rehabilitation_details,COVID-19Infection_rehabilitation_details,Details of rehabilitation after COVID-19,String,N/A,N/A,Text,Rehabilitation Details,Yes,Consider creating structured fields for common rehab types,Highly variable free-text responses
Checklist for Samples,participant_id,ChecklistforSamples_participant_id,Unique identifier for participant,String,N/A,N/A,Text,Participant ID,Yes,Ensure consistent format across all sheets,Some inconsistencies in format
Checklist for Samples,screening_completed,ChecklistforSamples_screening_completed,Whether screening was completed,Boolean,N/A,"Yes, No",Radio,Screening Completed,Yes,Consider adding date of screening,Some entries include additional details
Checklist for Samples,wrist_tag_given,ChecklistforSamples_wrist_tag_given,Whether wrist tag was given,Boolean,N/A,"Yes, No",Radio,Wrist Tag Given,Yes,Consider adding tag number if applicable,Some entries include tag numbers
Checklist for Samples,urine_sample_collected,ChecklistforSamples_urine_sample_collected,Whether urine sample was collected,Boolean,N/A,"Yes, No",Radio,Urine Sample Collected,Yes,Consider adding sample quality information,Some entries include quality notes
Checklist for Samples,blood_sample_collected,ChecklistforSamples_blood_sample_collected,Whether blood sample was collected,Boolean,N/A,"Yes, No",Radio,Blood Sample Collected,Yes,Consider adding sample quality information,Some entries include quality notes
Checklist for Samples,cheek_swab_collected,ChecklistforSamples_cheek_swab_collected,Whether cheek swab was collected,Boolean,N/A,"Yes, No",Radio,Cheek Swab Collected,Yes,Consider adding sample quality information,Some entries include quality notes
Checklist for Samples,hair_sample_collected,ChecklistforSamples_hair_sample_collected,Whether hair sample was collected,Boolean,N/A,"Yes, No",Radio,Hair Sample Collected,Yes,Consider adding sample quality information,Some entries include quality notes
Checklist for Samples,physical_exam_completed,ChecklistforSamples_physical_exam_completed,Whether physical examination was completed,Boolean,N/A,"Yes, No",Radio,Physical Exam Completed,Yes,Consider adding date of examination,Some entries include additional details
Checklist for Samples,stool_kit_given,ChecklistforSamples_stool_kit_given,Whether stool kit was given,Boolean,N/A,"Yes, No",Radio,Stool Kit Given,Yes,Consider adding follow-up for kit return,Some entries include additional notes
Checklist for Samples,sample_collection_date,ChecklistforSamples_sample_collection_date,Date when the biological samples were collected,Date,,,Date,Sample Collection Date,Yes,,
Checklist for Samples,sample_collection_time,ChecklistforSamples_sample_collection_time,Time when the biological samples were collected,Time,,,Time,Sample Collection Time,Yes,,
Physical Examination,participant_id,PhysicalExamination_participant_id,Unique identifier for participant,String,N/A,N/A,Text,Participant ID,Yes,Ensure consistent format across all sheets,Some inconsistencies in format
Physical Examination,anthropometry_completed,PhysicalExamination_anthropometry_completed,Whether anthropometry measurements were taken,Boolean,N/A,"Yes, No",Radio,Anthropometry Completed,Yes,Ensure consistency with Anthropometry sheet,Some inconsistencies with Anthropometry data
Physical Examination,head_to_toe_exam_completed,PhysicalExamination_head_to_toe_exam_completed,Whether head-to-toe examination was completed,Boolean,N/A,"Yes, No",Radio,Head-to-Toe Exam Completed,Yes,Consider adding specific findings fields,Some entries include examination details
Physical Examination,pallor_present,PhysicalExamination_pallor_present,Presence of pallor,Boolean,N/A,"Present, Absent",Radio,Pallor Present,Yes,Consider adding severity scale if present,Some entries include severity details
Physical Examination,pallor_details,PhysicalExamination_pallor_details,Details of pallor if present,String,N/A,N/A,Text,Pallor Details,Yes,Consider creating structured fields for common observations,Highly variable free-text responses
Physical Examination,icterus_present,PhysicalExamination_icterus_present,Presence of icterus,Boolean,N/A,"Present, Absent",Radio,Icterus Present,Yes,Consider adding severity scale if present,Some entries include severity details
Physical Examination,icterus_details,PhysicalExamination_icterus_details,Details of icterus if present,String,N/A,N/A,Text,Icterus Details,Yes,Consider creating structured fields for common observations,Highly variable free-text responses
Physical Examination,cyanosis_present,PhysicalExamination_cyanosis_present,Presence of cyanosis,Boolean,N/A,"Present, Absent",Radio,Cyanosis Present,Yes,Consider adding severity scale if present,Some entries include severity details
Physical Examination,cyanosis_details,PhysicalExamination_cyanosis_details,Details of cyanosis if present,String,N/A,N/A,Text,Cyanosis Details,Yes,Consider creating structured fields for common observations,Highly variable free-text responses
Physical Examination,clubbing_present,PhysicalExamination_clubbing_present,Presence of clubbing,Boolean,N/A,"Present, Absent",Radio,Clubbing Present,Yes,Consider adding severity scale if present,Some entries include severity details
Physical Examination,clubbing_details,PhysicalExamination_clubbing_details,Details of clubbing if present,String,N/A,N/A,Text,Clubbing Details,Yes,Consider creating structured fields for common observations,Highly variable free-text responses
Physical Examination,lymphadenopathy_present,PhysicalExamination_lymphadenopathy_present,Presence of lymphadenopathy,Boolean,N/A,"Palpable, Non-palpable",Radio,Lymphadenopathy Present,Yes,Consider adding location and size information,Some entries include additional details
Physical Examination,lymphadenopathy_details,PhysicalExamination_lymphadenopathy_details,Details of lymphadenopathy if present,String,N/A,N/A,Text,Lymphadenopathy Details,Yes,Consider creating structured fields for location and size,Highly variable free-text responses
Physical Examination,edema_present,PhysicalExamination_edema_present,Presence of edema,Boolean,N/A,"Present, Absent",Radio,Edema Present,Yes,Consider adding severity and location information,Some entries include additional details
Physical Examination,edema_details,PhysicalExamination_edema_details,Details of edema if present,String,N/A,N/A,Text,Edema Details,Yes,Consider creating structured fields for severity and location,Highly variable free-text responses
Physical Examination,thyroid_condition,PhysicalExamination_thyroid_condition,Condition of thyroid,Categorical,N/A,"Normal, Enlarged",Dropdown,Thyroid Condition,Yes,Consider adding more detailed categories if needed,Some entries include additional observations
Physical Examination,thyroid_details,PhysicalExamination_thyroid_details,Details of thyroid if abnormal,String,N/A,N/A,Text,Thyroid Details,Yes,Consider creating structured fields for common findings,Highly variable free-text responses
Physical Examination,breath_holding_time,PhysicalExamination_breath_holding_time,Breath holding time or single breath counting test result,String,N/A,N/A,Text,Breath Holding Time,Yes,Convert to numeric field with consistent unit (seconds),"Some entries include units, some are descriptive"
Physical Examination,walking_speed_category,PhysicalExamination_walking_speed_category,Category of walking speed for 15 feet,Categorical,N/A,"<7 sec, >7 sec",Dropdown,Walking Speed Category,Yes,Consider adding actual time in seconds as a separate field,Some entries include exact times
Physical Examination,hand_grip_strength,PhysicalExamination_hand_grip_strength,Hand grip strength test result,Float,kg,N/A,Numeric,Hand Grip Strength (kg),Yes,"Ensure consistent unit use, validate range","Some entries include units, some are descriptive"
Physical Examination,has_refractory_error,PhysicalExamination_has_refractory_error,Presence of refractory error,Boolean,N/A,"Yes, No",Radio,Has Refractory Error,Yes,Consider adding type of refractory error,Some entries include error types
Physical Examination,refractory_error_duration,PhysicalExamination_refractory_error_duration,Duration of refractory error,String,N/A,N/A,Text,Refractory Error Duration,Yes,Convert to numeric field with consistent unit (years),"Highly variable formats (e.g., ""5 years"", ""since childhood"")"
Physical Examination,last_eye_exam_category,PhysicalExamination_last_eye_exam_category,Category of time since last ophthalmology consultation,Categorical,N/A,"Within 1 year, More than 1 year ago",Dropdown,Last Eye Exam Category,Yes,Consider adding exact date of last exam,Some entries include exact dates
Physical Examination,vision_additional_details,PhysicalExamination_vision_additional_details,Additional details about vision,String,N/A,N/A,Text,Vision Additional Details,Yes,Consider creating structured fields for common observations,Highly variable free-text responses
Physical Examination,has_hearing_difficulties,PhysicalExamination_has_hearing_difficulties,Presence of hearing aid or difficulty in hearing,Boolean,N/A,"Yes, No",Radio,Has Hearing Difficulties,Yes,Consider separating hearing aid use and hearing difficulty,Some entries specify aid use vs. general difficulty
Physical Examination,hearing_difficulty_duration,PhysicalExamination_hearing_difficulty_duration,Duration of hearing difficulties,String,N/A,N/A,Text,Hearing Difficulty Duration,Yes,Convert to numeric field with consistent unit (years),"Highly variable formats (e.g., ""3 years"", ""since birth"")"
Physical Examination,last_ent_exam_category,PhysicalExamination_last_ent_exam_category,Category of time since last ENT consultation,Categorical,N/A,"Within 1 year, More than 1 year ago",Dropdown,Last ENT Exam Category,Yes,Consider adding exact date of last exam,Some entries include exact dates
Physical Examination,hearing_additional_details,PhysicalExamination_hearing_additional_details,Additional details about hearing,String,N/A,N/A,Text,Hearing Additional Details,Yes,Consider creating structured fields for common observations,Highly variable free-text responses
Physical Examination,systemic_exam_completed,PhysicalExamination_systemic_exam_completed,Whether systemic examination was completed,Boolean,N/A,"Yes, No",Radio,Systemic Exam Completed,Yes,Ensure consistency with Systemic Examination sheet,Some inconsistencies with Systemic Examination data
Physical Examination,mmse_completed,PhysicalExamination_mmse_completed,Whether MMSE was completed,Boolean,N/A,"Yes, No",Radio,MMSE Completed,Yes,Ensure consistency with MMSE sheet,Some inconsistencies with MMSE data
Physical Examination,frailty_assessment_completed,PhysicalExamination_frailty_assessment_completed,Whether Simple Frail Questionnaire was completed,Boolean,N/A,"Yes, No",Radio,Frailty Assessment Completed,Yes,Ensure consistency with Frailty Assessment sheet,Some inconsistencies with Frailty Assessment data
Personal Data,participant_id,PersonalData_participant_id,Unique identifier for participant,String,N/A,N/A,Text,Participant ID,Yes,Ensure consistent format across all sheets,Some inconsistencies in format
Personal Data,habits_data_collected,PersonalData_habits_data_collected,Whether habits data was collected,Boolean,N/A,"Yes, No",Radio,Habits Data Collected,Yes,Ensure consistency with Habits sheet,Some inconsistencies with Habits data
Personal Data,dietary_pattern_data_collected,PersonalData_dietary_pattern_data_collected,Whether dietary pattern data was collected,Boolean,N/A,"Yes, No",Radio,Dietary Pattern Data Collected,Yes,Ensure consistency with Dietary Pattern sheet,Some inconsistencies with Dietary Pattern data
Personal Data,exercise_habits_data_collected,PersonalData_exercise_habits_data_collected,Whether exercise habits data was collected,Boolean,N/A,"Yes, No",Radio,Exercise Habits Data Collected,Yes,Ensure consistency with Exercise Habits sheet,Some inconsistencies with Exercise Habits data
Personal Data,food_frequency_data_collected,PersonalData_food_frequency_data_collected,Whether food frequency data was collected,Boolean,N/A,"Yes, No",Radio,Food Frequency Data Collected,Yes,Ensure consistency with Food Frequency List sheet,Some inconsistencies with Food Frequency data
Personal Data,covid19_data_collected,PersonalData_covid19_data_collected,Whether COVID-19 infection data was collected,Boolean,N/A,"Yes, No",Radio,COVID-19 Data Collected,Yes,Ensure consistency with COVID-19 Infection sheet,Some inconsistencies with COVID-19 data
Personal Data,medical_history_collected,PersonalData_medical_history_collected,Whether medical history was collected,Boolean,N/A,"Yes, No",Radio,Medical History Collected,Yes,Consider adding structured fields for common conditions,Some entries include specific conditions
Personal Data,dass21_completed,PersonalData_dass21_completed,Whether DASS-21 scale was completed,Boolean,N/A,"Yes, No",Radio,DASS-21 Completed,Yes,Ensure consistency with DASS-21 sheet if exists,Some inconsistencies with DASS-21 data if collected separately
Screening Test,personal_info_collected,ScreeningTest_personal_info_collected,Whether personal information was collected,Boolean,N/A,"Yes, No",Radio,Personal Info Collected,Yes,Ensure consistency with Personal Information sheet,Some inconsistencies with Personal Information data
Screening Test,vitals_collected,ScreeningTest_vitals_collected,Whether vital signs were collected,Boolean,N/A,"Yes, No",Radio,Vitals Collected,Yes,Ensure consistency with Vitals sheet,Some inconsistencies with Vitals data
Screening Test,comorbidities_collected,ScreeningTest_comorbidities_collected,Whether comorbidities information was collected,Boolean,N/A,"Yes, No",Radio,Comorbidities Collected,Yes,Ensure consistency with Co-Morbidities sheet,Some inconsistencies with Co-Morbidities data
Screening Test,recent_alcohol_consumption,ScreeningTest_recent_alcohol_consumption,Category of recent alcohol consumption,Categorical,N/A,"<1 week back, >1 week back",Dropdown,Recent Alcohol Consumption,Yes,Consider adding more precise timeframe options,Some entries include specific dates
Screening Test,exclusion_criteria_present,ScreeningTest_exclusion_criteria_present,List of any exclusion criteria present,String,N/A,N/A,Text,Exclusion Criteria Present,Yes,Consider creating checkbox list for specific criteria,Some entries list multiple criteria
Screening Test,meets_inclusion_criteria,ScreeningTest_meets_inclusion_criteria,Whether patient met inclusion criteria,Boolean,N/A,"Yes, No",Radio,Meets Inclusion Criteria,Yes,"Add field for specifying which criteria were not met if ""No""",Some entries include reasons for exclusion
Screening Test,exclusion_criteria_details,ScreeningTest_exclusion_criteria_details,Details of exclusion criteria if any,String,N/A,N/A,Text,Exclusion Criteria Details,Yes,Only applicable if exclusion criteria present,Some entries include details when not necessary
Screening Test,study_group,ScreeningTest_study_group,Assigned study group,Categorical,N/A,"1A, 1B, 2A, 2B, 3A, 3B, 4A, 4B, 5A, 5B",Dropdown,Study Group,Yes,Ensure consistency with group assignments in other sheets,Some inconsistencies in group labeling
Screening Test,participant_id,ScreeningTest_participant_id,Unique identifier for participant,String,N/A,N/A,Text,Participant ID,Yes,"Ensure consistent format (e.g., ""1A-001"") across all sheets",Some inconsistencies in ID format
Screening Test,collection_city,ScreeningTest_collection_city,City where data was collected,Categorical,N/A,"Bengaluru, Mumbai",Dropdown,Collection City,Yes,Consider adding option for other cities if needed,Some entries include other city names
Screening Test,collection_center,ScreeningTest_collection_center,Specific center where data was collected,Categorical,N/A,"Ramaiah Memorial Hospital, Bangalore Medical College, SMSIMSR, Baptist Hospital",Dropdown,Collection Center,Yes,Consider adding option for other centers if needed,Some entries include other center names
DASS 21 Scale,difficulty_wind_down,DASS21Scale_difficulty_wind_down,Difficulty to wind down,Integer,N/A,0-3,Numeric,Difficulty to Wind Down,Yes,Validate range (0-3),Some entries out of range
DASS 21 Scale,dry_mouth_awareness,DASS21Scale_dry_mouth_awareness,Awareness of dryness of mouth,Integer,N/A,0-3,Numeric,Dry Mouth Awareness,Yes,Validate range (0-3),Some entries out of range
DASS 21 Scale,positive_feeling_absence,DASS21Scale_positive_feeling_absence,Couldn't seem to experience any positive feeling,Integer,N/A,0-3,Numeric,Absence of Positive Feelings,Yes,Validate range (0-3),Some entries out of range
DASS 21 Scale,breathing_difficulty,DASS21Scale_breathing_difficulty,Experienced breathing difficulty,Integer,N/A,0-3,Numeric,Breathing Difficulty,Yes,Validate range (0-3),Some entries out of range
DASS 21 Scale,difficulty_work_up_initiative,DASS21Scale_difficulty_work_up_initiative,Difficulty to work up initiative,Integer,N/A,0-3,Numeric,Difficulty in Initiative,Yes,Validate range (0-3),Some entries out of range
DASS 21 Scale,over_reaction_tendency,DASS21Scale_over_reaction_tendency,Tendency to over-react to situations,Integer,N/A,0-3,Numeric,Over-reaction Tendency,Yes,Validate range (0-3),Some entries out of range
DASS 21 Scale,trembling_experience,DASS21Scale_trembling_experience,Experience of trembling,Integer,N/A,0-3,Numeric,Trembling Experience,Yes,Validate range (0-3),Some entries out of range
DASS 21 Scale,nervous_energy_usage,DASS21Scale_nervous_energy_usage,Felt using a lot of nervous energy,Integer,N/A,0-3,Numeric,Nervous Energy Usage,Yes,Validate range (0-3),Some entries out of range
DASS 21 Scale,worry_about_panic_situations,DASS21Scale_worry_about_panic_situations,Worry about situations to panic and make a fool of self,Integer,N/A,0-3,Numeric,Worry About Panic Situations,Yes,Validate range (0-3),Some entries out of range
DASS 21 Scale,feeling_no_positive_prospects,DASS21Scale_feeling_no_positive_prospects,Feeling of nothing to look forward to,Integer,N/A,0-3,Numeric,No Positive Prospects,Yes,Validate range (0-3),Some entries out of range
DASS 21 Scale,agitation_experience,DASS21Scale_agitation_experience,Found self getting agitated,Integer,N/A,0-3,Numeric,Agitation Experience,Yes,Validate range (0-3),Some entries out of range
DASS 21 Scale,feeling_downhearted_blue,DASS21Scale_feeling_downhearted_blue,Felt down-hearted and blue,Integer,N/A,0-3,Numeric,Feeling Down-hearted,Yes,Validate range (0-3),Some entries out of range
DASS 21 Scale,intolerance_to_interruptions,DASS21Scale_intolerance_to_interruptions,Intolerance of anything keeping from getting on,Integer,N/A,0-3,Numeric,Intolerance to Interruptions,Yes,Validate range (0-3),Some entries out of range
DASS 21 Scale,feeling_close_to_panic,DASS21Scale_feeling_close_to_panic,Felt close to panic,Integer,N/A,0-3,Numeric,Feeling Close to Panic,Yes,Validate range (0-3),Some entries out of range
DASS 21 Scale,inability_to_enthusiasm,DASS21Scale_inability_to_enthusiasm,Unable to become enthusiastic about anything,Integer,N/A,0-3,Numeric,Inability to Enthusiasm,Yes,Validate range (0-3),Some entries out of range
DASS 21 Scale,difficulty_to_relax,DASS21Scale_difficulty_to_relax,Difficulty to relax,Integer,N/A,0-3,Numeric,Difficulty to Relax,Yes,Validate range (0-3),Some entries out of range
DASS 21 Scale,feeling_worthless,DASS21Scale_feeling_worthless,Felt worthless,Integer,N/A,0-3,Numeric,Feeling Worthless,Yes,Validate range (0-3),Some entries out of range
DASS 21 Scale,irritability,DASS21Scale_irritability,Felt rather touchy,Integer,N/A,0-3,Numeric,Irritability,Yes,Validate range (0-3),Some entries out of range
DASS 21 Scale,heart_action_awareness,DASS21Scale_heart_action_awareness,Awareness of heart action in absence of physical exertion,Integer,N/A,0-3,Numeric,Heart Action Awareness,Yes,Validate range (0-3),Some entries out of range
