Sheet Name,Original Column Name,Recommended Column Name,Unique Column Name,Description,Data Type,Unit,Categories,Epicollect Recommended Type,Plotting Column Name,Retain?,Processing/Collection Recommendations,Data Quality Issues
Personal Information,ec5_branch_owner_uuid,branch_owner_id,PersonalInformation_branch_owner_id,Unique identifier for branch owner,String,N/A,N/A,Text,Branch Owner ID,No,Hash or encrypt if retention is necessary for audit purposes,None observed
Personal Information,ec5_branch_uuid,branch_id,PersonalInformation_branch_id,Unique identifier for branch,String,N/A,N/A,Text,Branch ID,No,Hash or encrypt if retention is necessary for data integrity,None observed
Personal Information,created_at,data_entry_datetime,PersonalInformation_data_entry_datetime,Date and time of data entry,DateTime,N/A,N/A,Date,Data Entry Date,No,Convert to consistent datetime format (ISO 8601),Some inconsistent formats
Personal Information,uploaded_at,data_upload_datetime,PersonalInformation_data_upload_datetime,Date and time of data upload,DateTime,N/A,N/A,Date,Data Upload Date,No,Convert to consistent datetime format (ISO 8601),Some inconsistent formats
Personal Information,created_by,data_entry_user,PersonalInformation_data_entry_user,User who entered the data,String,N/A,N/A,Text,Data Entry User,No,Anonymize or remove for privacy,None observed
Personal Information,title,identifier,PersonalInformation_identifier,Unique id of data entry,String,,,Text,Identifier,No,Remove from final,none
Personal Information,2_Name,participant_full_name,PersonalInformation_participant_full_name,Full name of participant,String,N/A,N/A,Text,Participant Name,No,Create a separate anonymized participant ID,Some entries include titles
Personal Information,3_Contact_Informatio,contact_info,PersonalInformation_contact_info,Contact details of participant,String,N/A,N/A,Phone,Contact Information,No,"Encrypt or remove, keep only for internal use if necessary",Mixed formats (phone/email)
Personal Information,4_Date_of_Birth,date_of_birth,PersonalInformation_date_of_birth,Date of Birth of Participant,String,,,Date,DOB,No,Use to validate/calculate accurate age,
Personal Information,5_Age,age_years,PersonalInformation_age_years,Age of participant in years,Integer,Years,N/A,Numeric,Age (years),Yes,"Validate range (e.g., 18-120), consider calculating from birth date",none
Personal Information,6_Gender,gender,PersonalInformation_gender,Gender of participant,Categorical,N/A,"Male, Female, Others",Dropdown,Gender,Yes,"Add ""Prefer not to say"" option, consider allowing multiple selections",Some inconsistent capitalization
Personal Information,7_When_was_your_last,last_menstrual_cycle_date,PersonalInformation_last_menstrual_cycle_date,Date of last menstrual cycle,Date,N/A,N/A,Date,Last Menstrual Cycle Date,Yes,"Ensure consistent date format, add option for ""Not applicable""","Some missing data, inconsistent formats"
Personal Information,8_Do_you_have_any_en,has_endocrine_disorder,PersonalInformation_has_endocrine_disorder,Presence of endocrine disorders,Boolean,N/A,"Yes, No",Radio,Has Endocrine Disorder,Yes,"Add follow-up question for specific disorders if ""Yes""",Some entries include additional details
Personal Information,9_Address_latitude,residential_address,PersonalInformation_residential_address,Residential address,String,N/A,N/A,Text,Address,No,"Extract and retain only zipcode, city, and state for location analysis",Contains full addresses
Personal Information,9_Address_longitude,residential_address,PersonalInformation_residential_address,Residential address,String,N/A,N/A,Text,Address,No,"Extract and retain only zipcode, city, and state for location analysis",Contains full addresses
Personal Information,9_Address_accuracy,residential_address,PersonalInformation_residential_address,Residential address,String,N/A,N/A,Text,Address,No,"Extract and retain only zipcode, city, and state for location analysis",Contains full addresses
Personal Information,9_Address_UTM_Northing,residential_address,PersonalInformation_residential_address,Residential address,String,N/A,N/A,Text,Address,No,"Extract and retain only zipcode, city, and state for location analysis",Contains full addresses
Personal Information,9_Address_UTM_Easting,residential_address,PersonalInformation_residential_address,Residential address,String,N/A,N/A,Text,Address,No,"Extract and retain only zipcode, city, and state for location analysis",Contains full addresses
Personal Information,9_Address_UTM_Zone,residential_address,PersonalInformation_residential_address,Residential address,String,N/A,N/A,Text,Address,No,"Extract and retain only zipcode, city, and state for location analysis",Contains full addresses
Personal Information,10_PermanentNative_A_latitude,residential_address,PersonalInformation_residential_address,Residential address,String,N/A,N/A,Text,Address,No,"Extract and retain only zipcode, city, and state for location analysis",Contains full addresses
Personal Information,10_PermanentNative_A_longitude,residential_address,PersonalInformation_residential_address,Residential address,String,N/A,N/A,Text,Address,No,"Extract and retain only zipcode, city, and state for location analysis",Contains full addresses
Personal Information,10_PermanentNative_A_accuracy,residential_address,PersonalInformation_residential_address,Residential address,String,N/A,N/A,Text,Address,No,"Extract and retain only zipcode, city, and state for location analysis",Contains full addresses
Personal Information,10_PermanentNative_A_UTM_Northing,residential_address,PersonalInformation_residential_address,Residential address,String,N/A,N/A,Text,Address,No,"Extract and retain only zipcode, city, and state for location analysis",Contains full addresses
Personal Information,10_PermanentNative_A_UTM_Easting,residential_address,PersonalInformation_residential_address,Residential address,String,N/A,N/A,Text,Address,No,"Extract and retain only zipcode, city, and state for location analysis",Contains full addresses
Personal Information,10_PermanentNative_A_UTM_Zone,residential_address,PersonalInformation_residential_address,Residential address,String,N/A,N/A,Text,Address,No,"Extract and retain only zipcode, city, and state for location analysis",Contains full addresses
Personal Information,11_Occupation,occupation_category,PersonalInformation_occupation_category,Categorized occupation,Categorical,N/A,"Professional, Semi-professional, Clerical/shop/farmer, Skilled worker, Semi-skilled worker, Unskilled worker, Unemployed",Dropdown,Occupation,Yes,"Standardize categories, add free-text field for specific job titles",Some entries don't match categories
Personal Information,12_Family_income,income_category,PersonalInformation_income_category,Categorized annual family income,Categorical,INR,">1,85,895, 92,951 - 1,85,894, 69,535 – 92,950, 46,475 – 69,534, 27,883 – 46,474, 9,308 – 27,882, <9,307",Dropdown,Family Income Category,Yes,"Use numerical ranges, consider adding a separate field for exact amount",Some entries include exact amounts
Personal Information,13_Marital_Status,marital_status,PersonalInformation_marital_status,Current marital status,Categorical,N/A,"Single, Married, Divorced, Widow/Widower",Dropdown,Marital Status,Yes,"Consider adding ""Separated"" and ""Other"" options",Some inconsistent terminology
Personal Information,14_Education_Details,education_level,PersonalInformation_education_level,Highest level of education completed,Categorical,N/A,"Professional degree, Graduate, Intermediate/diploma, High school, Middle school, Primary school, Illiterate",Dropdown,Education Level,Yes,Consider adding years of education as a separate numeric field,Some entries include additional details
Vitals,ec5_branch_owner_uuid,branch_owner_id,Vitals_branch_owner_id,Unique identifier for branch owner,String,N/A,N/A,Text,Branch Owner ID,No,Hash or encrypt if retention is necessary for audit purposes,None observed
Vitals,ec5_branch_uuid,branch_id,Vitals_branch_id,Unique identifier for branch,String,N/A,N/A,Text,Branch ID,No,Hash or encrypt if retention is necessary for data integrity,None observed
Vitals,created_at,vitals_entry_datetime,Vitals_vitals_entry_datetime,Date and time of vitals entry,DateTime,N/A,N/A,Date,Vitals Entry Date,No,Convert to consistent datetime format (ISO 8601),Some inconsistent formats
Vitals,uploaded_at,vitals_upload_datetime,Vitals_vitals_upload_datetime,Date and time of vitals upload,DateTime,N/A,N/A,Date,Vitals Upload Date,No,Convert to consistent datetime format (ISO 8601),Some inconsistent formats
Vitals,created_by,vitals_entry_user,Vitals_vitals_entry_user,User who entered the vitals data,String,N/A,N/A,Text,Vitals Entry User,No,Anonymize or remove for privacy,None observed
Vitals,title,identifier,Vitals_identifier,Unique id of data entry,String,,,Text,Identifier,No,Remove from final,none
Vitals,16_Pulse_Beats_Per_M,pulse_rate_bpm,Vitals_pulse_rate_bpm,Resting pulse rate,Integer,bpm,N/A,Numeric,Pulse Rate (bpm),Yes,"Validate range (e.g., 40-200 bpm), ensure consistent unit use",Some entries include units
Vitals,17_BP_mm_Hg,blood_pressure_mmhg,Vitals_blood_pressure_mmhg,Blood pressure measurement,String,mmHg,N/A,Text,Blood Pressure (mmHg),Yes,Split into systolic_bp and diastolic_bp columns,"Inconsistent formats (e.g., ""120/80"", ""120-80"")"
Vitals,18_RR_cycles_per_min,respiratory_rate_bpm,Vitals_respiratory_rate_bpm,Respiratory rate,Integer,breaths per minute,N/A,Numeric,Respiratory Rate (bpm),Yes,"Validate range (e.g., 8-30 bpm), ensure consistent unit use",Some entries include units
Vitals,19_SPo2__on_room_air,oxygen_saturation_percent,Vitals_oxygen_saturation_percent,Blood oxygen saturation level,Float,%,N/A,Numeric,Oxygen Saturation (%),Yes,"Validate range (e.g., 80-100%), ensure consistent unit use",Some entries missing % sign
Vitals,20_Temperature_degre,body_temperature_farenheit,Vitals_body_temperature_farenheit,Body temperature,Float,°F,N/A,Numeric,Body Temperature (°F),Yes,"Validate range (e.g., 35-42°F), ensure consistent unit use",Some entries in Fahrenheit
Vitals,21_Pallor,pallor_present,Vitals_pallor_present,Presence of pallor,Boolean,N/A,"Present, Absent",Radio,Pallor Present,Yes,Consider adding a scale for severity if present,Some inconsistent terminology
Vitals,22_If_present_please,pallor_details,Vitals_pallor_details,Details of pallor if present,String,N/A,N/A,Text,Pallor Details,Yes,"Standardize response format, consider creating categorical options",Highly variable free-text responses
Co-Morbidities,ec5_branch_owner_uuid,branch_owner_id,Co-Morbidities_branch_owner_id,Unique identifier for branch owner,String,N/A,N/A,Text,Branch Owner ID,No,Hash or encrypt if retention is necessary for audit purposes,None observed
Co-Morbidities,ec5_branch_uuid,branch_id,Co-Morbidities_branch_id,Unique identifier for branch,String,N/A,N/A,Text,Branch ID,No,Hash or encrypt if retention is necessary for data integrity,None observed
Co-Morbidities,created_at,comorbidity_entry_datetime,Co-Morbidities_comorbidity_entry_datetime,Date and time of comorbidity data entry,DateTime,N/A,N/A,Date,Comorbidity Entry Date,No,Convert to consistent datetime format (ISO 8601),Some inconsistent formats
Co-Morbidities,uploaded_at,comorbidity_upload_datetime,Co-Morbidities_comorbidity_upload_datetime,Date and time of comorbidity data upload,DateTime,N/A,N/A,Date,Comorbidity Upload Date,No,Convert to consistent datetime format (ISO 8601),Some inconsistent formats
Co-Morbidities,created_by,comorbidity_entry_user,Co-Morbidities_comorbidity_entry_user,User who entered the comorbidity data,String,N/A,N/A,Text,Comorbidity Entry User,No,Anonymize or remove for privacy,None observed
Co-Morbidities,title,identifier,Co-Morbidities_identifier,Unique id of data entry,String,,,Text,Identifier,No,Remove from final,none
Co-Morbidities,24_Type2_Diabetes_Me,has_type2_diabetes,Co-Morbidities_has_type2_diabetes,Presence of Type-2 Diabetes Mellitus,Boolean,N/A,"Yes, No",Radio,Has Type 2 Diabetes,Yes,"Add follow-up questions for duration and medication if ""Yes""",Some entries include additional details
Co-Morbidities,26_Duration,diabetes_duration_years,Co-Morbidities_diabetes_duration_years,Duration of Type-2 Diabetes,Float,Years,N/A,Numeric,Diabetes Duration (Years),Yes,"Ensure consistent unit use, validate range",Some entries include units or ranges
Co-Morbidities,27_Medication,diabetes_medication,Co-Morbidities_diabetes_medication,Medication for Type-2 Diabetes,String,N/A,N/A,Text,Diabetes Medication,Yes,Consider creating a standardized list of common medications,Highly variable free-text responses
Co-Morbidities,28_Particulars_Surge,diabetes_particulars,Co-Morbidities_diabetes_particulars,Additional details about diabetes treatment,String,N/A,N/A,Text,Diabetes Treatment Details,Yes,Consider creating categorical options for common treatments,Highly variable free-text responses
Co-Morbidities,29_Hypertension,has_hypertension,Co-Morbidities_has_hypertension,Presence of Hypertension,Boolean,N/A,"Yes, No",Radio,Has Hypertension,Yes,"Add follow-up questions for duration and medication if ""Yes""",Some entries include additional details
Co-Morbidities,31_Duration,hypertension_duration_years,Co-Morbidities_hypertension_duration_years,Duration of Hypertension,Float,Years,N/A,Numeric,Hypertension Duration (Years),Yes,"Ensure consistent unit use, validate range",Some entries include units or ranges
Co-Morbidities,32_Medication_detail,hypertension_medication,Co-Morbidities_hypertension_medication,Medication for Hypertension,String,N/A,N/A,Text,Hypertension Medication,Yes,Consider creating a standardized list of common medications,Highly variable free-text responses
Co-Morbidities,33_Particulars_Surge,hypertension_particulars,Co-Morbidities_hypertension_particulars,Additional details about hypertension treatment,String,N/A,N/A,Text,Hypertension Treatment Details,Yes,Consider creating categorical options for common treatments,Highly variable free-text responses
Co-Morbidities,34_Ischemic_Cardiac_,has_ischemic_heart_disease,Co-Morbidities_has_ischemic_heart_disease,Presence of Ischemic Cardiac disease,Boolean,N/A,"Yes, No",Radio,Has Ischemic Heart Disease,Yes,"Add follow-up questions for duration and medication if ""Yes""",Some entries include additional details
Co-Morbidities,36_Duration,cardiac_disease_duration_years,Co-Morbidities_cardiac_disease_duration_years,Duration of Ischemic Cardiac disease,Float,Years,N/A,Numeric,Cardiac Disease Duration (Years),Yes,"Ensure consistent unit use, validate range",Some entries include units or ranges
Co-Morbidities,37_Medications,cardiac_disease_medication,Co-Morbidities_cardiac_disease_medication,Medication for Ischemic Cardiac disease,String,N/A,N/A,Text,Cardiac Disease Medication,Yes,Consider creating a standardized list of common medications,Highly variable free-text responses
Co-Morbidities,38_Particulars_Surge,cardiac_disease_particulars,Co-Morbidities_cardiac_disease_particulars,Additional details about cardiac disease treatment,String,N/A,N/A,Text,Cardiac Disease Treatment Details,Yes,Consider creating categorical options for common treatments,Highly variable free-text responses
Co-Morbidities,39_Hypothyroidism,has_hypothyroidism,Co-Morbidities_has_hypothyroidism,Presence of Hypothyroidism,Boolean,N/A,"Yes, No",Radio,Has Hypothyroidism,Yes,"Add follow-up questions for duration and medication if ""Yes""",Some entries include additional details
Co-Morbidities,41_Duration,hypothyroidism_duration_years,Co-Morbidities_hypothyroidism_duration_years,Duration of Hypothyroidism,Float,Years,N/A,Numeric,Hypothyroidism Duration (Years),Yes,"Ensure consistent unit use, validate range",Some entries include units or ranges
Co-Morbidities,42_Medications,hypothyroidism_medication,Co-Morbidities_hypothyroidism_medication,Medication for Hypothyroidism,String,N/A,N/A,Text,Hypothyroidism Medication,Yes,Consider creating a standardized list of common medications,Highly variable free-text responses
Co-Morbidities,43_Particulars_Surge,hypothyroidism_particulars,Co-Morbidities_hypothyroidism_particulars,Additional details about hypothyroidism treatment,String,N/A,N/A,Text,Hypothyroidism Treatment Details,Yes,Consider creating categorical options for common treatments,Highly variable free-text responses
Co-Morbidities,44_Chronic_Kidney_Di,has_chronic_kidney_disease,Co-Morbidities_has_chronic_kidney_disease,Presence of Chronic Kidney Disease,Boolean,N/A,"Yes, No",Radio,Has Chronic Kidney Disease,Yes,"Add follow-up questions for duration and medication if ""Yes""",Some entries include additional details
Co-Morbidities,46_Duration,kidney_disease_duration_years,Co-Morbidities_kidney_disease_duration_years,Duration of Chronic Kidney Disease,Float,Years,N/A,Numeric,Kidney Disease Duration (Years),Yes,"Ensure consistent unit use, validate range",Some entries include units or ranges
Co-Morbidities,47_Medications,kidney_disease_medication,Co-Morbidities_kidney_disease_medication,Medication for Chronic Kidney Disease,String,N/A,N/A,Text,Kidney Disease Medication,Yes,Consider creating a standardized list of common medications,Highly variable free-text responses
Co-Morbidities,48_Particulars_Surge,kidney_disease_particulars,Co-Morbidities_kidney_disease_particulars,Additional details about kidney disease treatment,String,N/A,N/A,Text,Kidney Disease Treatment Details,Yes,Consider creating categorical options for common treatments,Highly variable free-text responses
Co-Morbidities,49_Chronic_obstructi,has_copd,Co-Morbidities_has_copd,Presence of Chronic Obstructive Pulmonary Disease,Boolean,N/A,"Yes, No",Radio,Has COPD,Yes,"Add follow-up questions for duration and medication if ""Yes""",Some entries include additional details
Co-Morbidities,51_Duration,copd_duration_years,Co-Morbidities_copd_duration_years,Duration of COPD,Float,Years,N/A,Numeric,COPD Duration (Years),Yes,"Ensure consistent unit use, validate range",Some entries include units or ranges
Co-Morbidities,52_Medications,copd_medication,Co-Morbidities_copd_medication,Medication for COPD,String,N/A,N/A,Text,COPD Medication,Yes,Consider creating a standardized list of common medications,Highly variable free-text responses
Co-Morbidities,53_Particulars_Surge,copd_particulars,Co-Morbidities_copd_particulars,Additional details about COPD treatment,String,N/A,N/A,Text,COPD Treatment Details,Yes,Consider creating categorical options for common treatments,Highly variable free-text responses
Co-Morbidities,54_Bronchial_Asthma,has_bronchial_asthma,Co-Morbidities_has_bronchial_asthma,Presence of Bronchial Asthma,Boolean,N/A,"Yes, No",Radio,Has Bronchial Asthma,Yes,"Add follow-up questions for duration and medication if ""Yes""",Some entries include additional details
Co-Morbidities,56_Duration,asthma_duration_years,Co-Morbidities_asthma_duration_years,Duration of Bronchial Asthma,Float,Years,N/A,Numeric,Asthma Duration (Years),Yes,"Ensure consistent unit use, validate range",Some entries include units or ranges
Co-Morbidities,57_Medications,asthma_medication,Co-Morbidities_asthma_medication,Medication for Bronchial Asthma,String,N/A,N/A,Text,Asthma Medication,Yes,Consider creating a standardized list of common medications,Highly variable free-text responses
Co-Morbidities,58_Particulars_Surge,asthma_particulars,Co-Morbidities_asthma_particulars,Additional details about asthma treatment,String,N/A,N/A,Text,Asthma Treatment Details,Yes,Consider creating categorical options for common treatments,Highly variable free-text responses
Co-Morbidities,59_Epilepsy,has_epilepsy,Co-Morbidities_has_epilepsy,Presence of Epilepsy,Boolean,N/A,"Yes, No",Radio,Has Epilepsy,Yes,"Add follow-up questions for duration and medication if ""Yes""",Some entries include additional details
Co-Morbidities,61_Duration,epilepsy_duration_years,Co-Morbidities_epilepsy_duration_years,Duration of Epilepsy,Float,Years,N/A,Numeric,Epilepsy Duration (Years),Yes,"Ensure consistent unit use, validate range",Some entries include units or ranges
Co-Morbidities,62_Medications,epilepsy_medication,Co-Morbidities_epilepsy_medication,Medication for Epilepsy,String,N/A,N/A,Text,Epilepsy Medication,Yes,Consider creating a standardized list of common medications,Highly variable free-text responses
Co-Morbidities,63_Particulars_Surge,epilepsy_particulars,Co-Morbidities_epilepsy_particulars,Additional details about epilepsy treatment,String,N/A,N/A,Text,Epilepsy Treatment Details,Yes,Consider creating categorical options for common treatments,Highly variable free-text responses
Co-Morbidities,64_Any_psychiatric_i,has_psychiatric_illness,Co-Morbidities_has_psychiatric_illness,Presence of Psychiatric Illness,Boolean,N/A,"Yes, No",Radio,Has Psychiatric Illness,Yes,"Add follow-up questions for specific diagnosis, duration, and medication if ""Yes""",Some entries include additional details
Co-Morbidities,66_Duration,psychiatric_illness_duration_years,Co-Morbidities_psychiatric_illness_duration_years,Duration of Psychiatric Illness,Float,Years,N/A,Numeric,Psychiatric Illness Duration (Years),Yes,"Ensure consistent unit use, validate range",Some entries include units or ranges
Co-Morbidities,67_Medications,psychiatric_illness_medication,Co-Morbidities_psychiatric_illness_medication,Medication for Psychiatric Illness,String,N/A,N/A,Text,Psychiatric Illness Medication,Yes,Consider creating a standardized list of common medications,Highly variable free-text responses
Co-Morbidities,68_Particulars_Surge,psychiatric_illness_particulars,Co-Morbidities_psychiatric_illness_particulars,Additional details about psychiatric illness treatment,String,N/A,N/A,Text,Psychiatric Illness Treatment Details,Yes,Consider creating categorical options for common treatments,Highly variable free-text responses
Co-Morbidities,69_Any_surgery_in_th,had_past_surgery,Co-Morbidities_had_past_surgery,History of Past Surgery,Boolean,N/A,"Yes, No",Radio,Had Past Surgery,Yes,"Add follow-up questions for type of surgery and date if ""Yes""",Some entries include additional details
Co-Morbidities,71_Duration,time_since_surgery_years,Co-Morbidities_time_since_surgery_years,Time since last surgery,Float,Years,N/A,Numeric,Time Since Surgery (Years),Yes,"Ensure consistent unit use, validate range",Some entries include units or ranges
Co-Morbidities,72_Medications,post_surgery_medication,Co-Morbidities_post_surgery_medication,Current medication related to past surgery,String,N/A,N/A,Text,Post-Surgery Medication,Yes,Consider creating a standardized list of common medications,Highly variable free-text responses
Co-Morbidities,73_Particulars_Surge,surgery_particulars,Co-Morbidities_surgery_particulars,Additional details about past surgery,String,N/A,N/A,Text,Surgery Details,Yes,Consider creating categorical options for common surgeries,Highly variable free-text responses
Co-Morbidities,74_Any_other_comorbi,has_other_comorbidities,Co-Morbidities_has_other_comorbidities,Presence of Other Comorbidities,Boolean,N/A,"Yes, No",Radio,Has Other Comorbidities,Yes,"Add follow-up questions for specific conditions if ""Yes""",Some entries include additional details
Co-Morbidities,76_Duration,other_comorbidities_duration_years,Co-Morbidities_other_comorbidities_duration_years,Duration of Other Comorbidities,Float,Years,N/A,Numeric,Other Comorbidities Duration (Years),Yes,"Ensure consistent unit use, validate range",Some entries include units or ranges
Co-Morbidities,77_Medications,other_comorbidities_medication,Co-Morbidities_other_comorbidities_medication,Medication for Other Comorbidities,String,N/A,N/A,Text,Other Comorbidities Medication,Yes,Consider creating a standardized list of common medications,Highly variable free-text responses
Co-Morbidities,78_Particulars_Surge,other_comorbidities_particulars,Co-Morbidities_other_comorbidities_particulars,Additional details about other comorbidities,String,N/A,N/A,Text,Other Comorbidities Details,Yes,Consider creating categorical options for common conditions,Highly variable free-text responses
Anthropometry,ec5_branch_owner_uuid,branch_owner_id,Anthropometry_branch_owner_id,Unique identifier for branch owner,String,N/A,N/A,Text,Branch Owner ID,No,Hash or encrypt if retention is necessary for audit purposes,None observed
Anthropometry,ec5_branch_uuid,branch_id,Anthropometry_branch_id,Unique identifier for branch,String,N/A,N/A,Text,Branch ID,No,Hash or encrypt if retention is necessary for data integrity,None observed
Anthropometry,created_at,anthropometry_entry_datetime,Anthropometry_anthropometry_entry_datetime,Date and time of anthropometry data entry,DateTime,N/A,N/A,Date,Anthropometry Entry Date,No,Convert to consistent datetime format (ISO 8601),Some inconsistent formats
Anthropometry,uploaded_at,anthropometry_upload_datetime,Anthropometry_anthropometry_upload_datetime,Date and time of anthropometry data upload,DateTime,N/A,N/A,Date,Anthropometry Upload Date,No,Convert to consistent datetime format (ISO 8601),Some inconsistent formats
Anthropometry,created_by,anthropometry_entry_user,Anthropometry_anthropometry_entry_user,User who entered the anthropometry data,String,N/A,N/A,Text,Anthropometry Entry User,No,Anonymize or remove for privacy,None observed
Anthropometry,title,identifier,Anthropometry_identifier,Unique id of data entry,String,,,Text,Identifier,No,Remove from final,none
Anthropometry,152_Height_in_cm,height_cm,Anthropometry_height_cm,Height of participant,Float,cm,N/A,Numeric,Height (cm),Yes,"Validate range (e.g., 100-250 cm), ensure consistent unit use",Some entries include units
Anthropometry,153_Weight_in_kg,weight_kg,Anthropometry_weight_kg,Weight of participant,Float,kg,N/A,Numeric,Weight (kg),Yes,"Validate range (e.g., 20-300 kg), ensure consistent unit use",Some entries include units
Anthropometry,154_BMI,bmi,Anthropometry_bmi,Body Mass Index,Float,kg/m² ,N/A,Numeric,BMI (kg/m²),Yes,"Automatically calculate from height and weight, validate range (e.g., 10-60)",Some manual calculations may be incorrect
Head-to-toe Examination,ec5_branch_owner_uuid,branch_owner_id,Head-to-toeExamination_branch_owner_id,Unique identifier for branch owner,String,N/A,N/A,Text,Branch Owner ID,No,Hash or encrypt if retention is necessary for audit purposes,None observed
Head-to-toe Examination,ec5_branch_uuid,branch_id,Head-to-toeExamination_branch_id,Unique identifier for branch,String,N/A,N/A,Text,Branch ID,No,Hash or encrypt if retention is necessary for data integrity,None observed
Head-to-toe Examination,created_at,examination_entry_datetime,Head-to-toeExamination_examination_entry_datetime,Date and time of examination data entry,DateTime,N/A,N/A,Date,Examination Entry Date,No,Convert to consistent datetime format (ISO 8601),Some inconsistent formats
Head-to-toe Examination,uploaded_at,examination_upload_datetime,Head-to-toeExamination_examination_upload_datetime,Date and time of examination data upload,DateTime,N/A,N/A,Date,Examination Upload Date,No,Convert to consistent datetime format (ISO 8601),Some inconsistent formats
Head-to-toe Examination,created_by,examination_entry_user,Head-to-toeExamination_examination_entry_user,User who entered the examination data,String,N/A,N/A,Text,Examination Entry User,No,Anonymize or remove for privacy,None observed
Head-to-toe Examination,title,identifier,Head-to-toeExamination_identifier,Unique id of data entry,String,,,Text,Identifier,No,Remove from final,none
Head-to-toe Examination,156_Skin,skin_condition,Head-to-toeExamination_skin_condition,Condition of the skin,Categorical,N/A,"Normal, Abnormal",Radio,Skin Condition,Yes,"Add follow-up question for details if ""Abnormal""",Some inconsistent terminology
Head-to-toe Examination,157_Please_elaborate,skin_condition_details,Head-to-toeExamination_skin_condition_details,Details of abnormal skin condition,String,N/A,N/A,Text,Skin Condition Details,Yes,Consider creating categorical options for common skin conditions,Highly variable free-text responses
Head-to-toe Examination,158_Hair,hair_condition,Head-to-toeExamination_hair_condition,Condition of the hair,Categorical,N/A,"Normal, Abnormal",Radio,Hair Condition,Yes,"Add follow-up question for details if ""Abnormal""",Some inconsistent terminology
Head-to-toe Examination,159_Please_elaborate,hair_condition_details,Head-to-toeExamination_hair_condition_details,Details of abnormal hair condition,String,N/A,N/A,Text,Hair Condition Details,Yes,Consider creating categorical options for common hair conditions,Highly variable free-text responses
Head-to-toe Examination,160_Nails,nail_condition,Head-to-toeExamination_nail_condition,Condition of the nails,Categorical,N/A,"Normal, Abnormal",Radio,Nail Condition,Yes,"Add follow-up question for details if ""Abnormal""",Some inconsistent terminology
Head-to-toe Examination,161_Please_elaborate,nail_condition_details,Head-to-toeExamination_nail_condition_details,Details of abnormal nail condition,String,N/A,N/A,Text,Nail Condition Details,Yes,Consider creating categorical options for common nail conditions,Highly variable free-text responses
Systemic Examination,ec5_branch_owner_uuid,branch_owner_id,SystemicExamination_branch_owner_id,Unique identifier for branch owner,String,N/A,N/A,Text,Branch Owner ID,No,Hash or encrypt if retention is necessary for audit purposes,None observed
Systemic Examination,ec5_branch_uuid,branch_id,SystemicExamination_branch_id,Unique identifier for branch,String,N/A,N/A,Text,Branch ID,No,Hash or encrypt if retention is necessary for data integrity,None observed
Systemic Examination,created_at,systemic_exam_entry_datetime,SystemicExamination_systemic_exam_entry_datetime,Date and time of systemic examination data entry,DateTime,N/A,N/A,Date,Systemic Exam Entry Date,No,Convert to consistent datetime format (ISO 8601),Some inconsistent formats
Systemic Examination,uploaded_at,systemic_exam_upload_datetime,SystemicExamination_systemic_exam_upload_datetime,Date and time of systemic examination data upload,DateTime,N/A,N/A,Date,Systemic Exam Upload Date,No,Convert to consistent datetime format (ISO 8601),Some inconsistent formats
Systemic Examination,created_by,systemic_exam_entry_user,SystemicExamination_systemic_exam_entry_user,User who entered the systemic examination data,String,N/A,N/A,Text,Systemic Exam Entry User,No,Anonymize or remove for privacy,None observed
Systemic Examination,title,identifier,SystemicExamination_identifier,Unique id of data entry,String,,,Text,Identifier,No,Remove from final,none
Systemic Examination,190_CVS,cardiovascular_exam,SystemicExamination_cardiovascular_exam,Cardiovascular system examination results,String,N/A,N/A,Text,Cardiovascular Exam,Yes,Create standardized options for common findings,Highly variable free-text responses
Systemic Examination,191_RS,respiratory_exam,SystemicExamination_respiratory_exam,Respiratory system examination results,String,N/A,N/A,Text,Respiratory Exam,Yes,Create standardized options for common findings,Highly variable free-text responses
Systemic Examination,192_PA,abdominal_exam,SystemicExamination_abdominal_exam,Per Abdomen examination results,String,N/A,N/A,Text,Abdominal Exam,Yes,Create standardized options for common findings,Highly variable free-text responses
Annexure-1 MMSE,ec5_branch_owner_uuid,branch_owner_id,Annexure-1MMSE_branch_owner_id,Unique identifier for branch owner,String,N/A,N/A,Text,Branch Owner ID,No,Hash or encrypt if retention is necessary for audit purposes,None observed
Annexure-1 MMSE,ec5_branch_uuid,branch_id,Annexure-1MMSE_branch_id,Unique identifier for branch,String,N/A,N/A,Text,Branch ID,No,Hash or encrypt if retention is necessary for data integrity,None observed
Annexure-1 MMSE,created_at,mmse_entry_datetime,Annexure-1MMSE_mmse_entry_datetime,Date and time of MMSE data entry,DateTime,N/A,N/A,Date,MMSE Entry Date,No,Convert to consistent datetime format (ISO 8601),Some inconsistent formats
Annexure-1 MMSE,uploaded_at,mmse_upload_datetime,Annexure-1MMSE_mmse_upload_datetime,Date and time of MMSE data upload,DateTime,N/A,N/A,Date,MMSE Upload Date,No,Convert to consistent datetime format (ISO 8601),Some inconsistent formats
Annexure-1 MMSE,created_by,mmse_entry_user,Annexure-1MMSE_mmse_entry_user,User who entered the MMSE data,String,N/A,N/A,Text,MMSE Entry User,No,Anonymize or remove for privacy,None observed
Annexure-1 MMSE,title,identifier,Annexure-1MMSE_identifier,Unique id of data entry,String,,,Text,Identifier,No,Remove from final,none
Annexure-1 MMSE,195_Name_the_year_mo,orientation_time_score,Annexure-1MMSE_orientation_time_score,"Score for naming year, month, day, date, season",Integer,N/A,0-5,Numeric,Orientation (Time) Score,Yes,Validate range (0-5),Some entries out of range
Annexure-1 MMSE,196_Name_the_country,orientation_place_score,Annexure-1MMSE_orientation_place_score,"Score for naming country, county, town, hospital, floor",Integer,N/A,0-5,Numeric,Orientation (Place) Score,Yes,Validate range (0-5),Some entries out of range
Annexure-1 MMSE,198_Examiner_names_t,registration_score,Annexure-1MMSE_registration_score,Score for repeating three objects,Integer,N/A,0-3,Numeric,Registration Score,Yes,Validate range (0-3),Some entries out of range
Annexure-1 MMSE,200_Subtract_7_from_,attention_calculation_score,Annexure-1MMSE_attention_calculation_score,Score for serial 7s task,Integer,N/A,0-5,Numeric,Attention & Calculation Score,Yes,Validate range (0-5),Some entries out of range
Annexure-1 MMSE,201_Alternatively_if,attention_spelling_score,Annexure-1MMSE_attention_spelling_score,"Score for spelling ""WORLD"" backwards",Integer,N/A,0-5,Numeric,Attention (Spelling) Score,Yes,"Validate range (0-5), use best score of 198 or 199",Some entries out of range
Annexure-1 MMSE,203_Ask_for_the_name,recall_score,Annexure-1MMSE_recall_score,Score for recalling three objects,Integer,N/A,0-3,Numeric,Recall Score,Yes,Validate range (0-3),Some entries out of range
Annexure-1 MMSE,205_Name_a_pencil_an,naming_score,Annexure-1MMSE_naming_score,Score for naming two objects,Integer,N/A,0-2,Numeric,Naming Score,Yes,Validate range (0-2),Some entries out of range
Annexure-1 MMSE,206_Repeat_No_ifs_an,repetition_score,Annexure-1MMSE_repetition_score,Score for repeating a phrase,Integer,N/A,0-1,Numeric,Repetition Score,Yes,Validate range (0-1),Some entries out of range
Annexure-1 MMSE,207_Give_a_threestag,comprehension_score,Annexure-1MMSE_comprehension_score,Score for following a three-stage command,Integer,N/A,0-3,Numeric,Comprehension Score,Yes,Validate range (0-3),Some entries out of range
Annexure-1 MMSE,208_Ask_volunteer_to,reading_score,Annexure-1MMSE_reading_score,Score for reading and obeying a command,Integer,N/A,0-1,Numeric,Reading Score,Yes,Validate range (0-1),Some entries out of range
Annexure-1 MMSE,209_Ask_volunteer_to,writing_score,Annexure-1MMSE_writing_score,Score for writing a sentence,Integer,N/A,0-1,Numeric,Writing Score,Yes,Validate range (0-1),Some entries out of range
Annexure-1 MMSE,211_Ask_the_patients,drawing_score,Annexure-1MMSE_drawing_score,Score for copying a design,Integer,N/A,0-1,Numeric,Drawing Score,Yes,Validate range (0-1),Some entries out of range
Annexure-1 MMSE,212_Total_Score_Out_,mmse_total_score,Annexure-1MMSE_mmse_total_score,Total MMSE score,Integer,N/A,0-30,Numeric,MMSE Total Score,Yes,"Validate range (0-30), ensure it matches sum of individual scores",Some discrepancies in total calculation
Annexure-2 Simple Frail,ec5_branch_owner_uuid,branch_owner_id,Annexure-2SimpleFrail_branch_owner_id,Unique identifier for branch owner,String,N/A,N/A,Text,Branch Owner ID,No,Hash or encrypt if retention is necessary for audit purposes,None observed
Annexure-2 Simple Frail,ec5_branch_uuid,branch_id,Annexure-2SimpleFrail_branch_id,Unique identifier for branch,String,N/A,N/A,Text,Branch ID,No,Hash or encrypt if retention is necessary for data integrity,None observed
Annexure-2 Simple Frail,created_at,frail_entry_datetime,Annexure-2SimpleFrail_frail_entry_datetime,Date and time of frailty assessment data entry,DateTime,N/A,N/A,Date,Frailty Assessment Entry Date,No,Convert to consistent datetime format (ISO 8601),Some inconsistent formats
Annexure-2 Simple Frail,uploaded_at,frail_upload_datetime,Annexure-2SimpleFrail_frail_upload_datetime,Date and time of frailty assessment data upload,DateTime,N/A,N/A,Date,Frailty Assessment Upload Date,No,Convert to consistent datetime format (ISO 8601),Some inconsistent formats
Annexure-2 Simple Frail,created_by,frail_entry_user,Annexure-2SimpleFrail_frail_entry_user,User who entered the frailty assessment data,String,N/A,N/A,Text,Frailty Assessment Entry User,No,Anonymize or remove for privacy,None observed
Annexure-2 Simple Frail,title,identifier,Annexure-2SimpleFrail_identifier,Unique id of data entry,String,,,Text,Identifier,No,Remove from final,none
Annexure-2 Simple Frail,215_How_much_of_the_,fatigue_score,Annexure-2SimpleFrail_fatigue_score,Score for fatigue assessment,Integer,N/A,0-1,Numeric,Fatigue Score,Yes,Validate range (0-1),Some entries out of range
Annexure-2 Simple Frail,217_By_yourself_and_,resistance_score,Annexure-2SimpleFrail_resistance_score,Score for resistance (difficulty walking up 10 steps),Integer,N/A,0-1,Numeric,Resistance Score,Yes,Validate range (0-1),Some entries out of range
Annexure-2 Simple Frail,219_By_yourself_and_,ambulation_score,Annexure-2SimpleFrail_ambulation_score,Score for ambulation (difficulty walking several hundred yards),Integer,N/A,0-1,Numeric,Ambulation Score,Yes,Validate range (0-1),Some entries out of range
Annexure-2 Simple Frail,221_The_total_illnes,illness_score,Annexure-2SimpleFrail_illness_score,Score for illnesses,Integer,N/A,0-1,Numeric,Illness Score,Yes,Validate range (0-1),Some entries out of range
Annexure-2 Simple Frail,222_Did_a_doctor_eve,illness_details,Annexure-2SimpleFrail_illness_details,Details of illnesses reported,String,N/A,N/A,Text,Illness Details,Yes,Consider creating a standardized list of common illnesses,Highly variable free-text responses
Annexure-2 Simple Frail,224_Current_weight,current_weight_kg,Annexure-2SimpleFrail_current_weight_kg,Current weight of participant,Float,kg,N/A,Numeric,Current Weight (kg),Yes,"Ensure consistent unit use, validate range",Some entries include units
Annexure-2 Simple Frail,225_One_year_ago_In_,weight_one_year_ago_kg,Annexure-2SimpleFrail_weight_one_year_ago_kg,Weight of participant one year ago,Float,kg,N/A,Numeric,Weight One Year Ago (kg),Yes,"Ensure consistent unit use, validate range",Some entries include units
Annexure-2 Simple Frail,226_Percent_weight_c,weight_change_percent,Annexure-2SimpleFrail_weight_change_percent,Percentage of weight change in past year,Float,%,N/A,Numeric,Weight Change (%),Yes,Automatically calculate from current and past weight,Some manual calculations may be incorrect
Annexure-2 Simple Frail,227_Percent_change__,loss_of_weight_score,Annexure-2SimpleFrail_loss_of_weight_score,Score for loss of weight,Integer,N/A,0-1,Numeric,Loss of Weight Score,Yes,"Validate range (0-1), ensure it matches weight change percentage",Some discrepancies in score assignment
Annexure-2 Simple Frail,228_Total_Score_A_sc,frailty_total_score,Annexure-2SimpleFrail_frailty_total_score,Total score for frailty assessment,Integer,N/A,0-5,Numeric,Frailty Total Score,Yes,"Validate range (0-5), ensure it matches sum of individual scores",Some discrepancies in total calculation
Dietary Pattern,ec5_branch_owner_uuid,branch_owner_id,DietaryPattern_branch_owner_id,Unique identifier for branch owner,String,N/A,N/A,Text,Branch Owner ID,No,Hash or encrypt if retention is necessary for audit purposes,None observed
Dietary Pattern,ec5_branch_uuid,branch_id,DietaryPattern_branch_id,Unique identifier for branch,String,N/A,N/A,Text,Branch ID,No,Hash or encrypt if retention is necessary for data integrity,None observed
Dietary Pattern,created_at,diet_entry_datetime,DietaryPattern_diet_entry_datetime,Date and time of dietary pattern data entry,DateTime,N/A,N/A,Date,Diet Entry Date,No,Convert to consistent datetime format (ISO 8601),Some inconsistent formats
Dietary Pattern,uploaded_at,diet_upload_datetime,DietaryPattern_diet_upload_datetime,Date and time of dietary pattern data upload,DateTime,N/A,N/A,Date,Diet Upload Date,No,Convert to consistent datetime format (ISO 8601),Some inconsistent formats
Dietary Pattern,created_by,diet_entry_user,DietaryPattern_diet_entry_user,User who entered the dietary pattern data,String,N/A,N/A,Text,Diet Entry User,No,Anonymize or remove for privacy,None observed
Dietary Pattern,title,identifier,DietaryPattern_identifier,Unique id of data entry,String,,,Text,Identifier,No,Remove from final,none
Dietary Pattern,95_Breakfast,breakfast_description,DietaryPattern_breakfast_description,Description of typical breakfast,String,N/A,N/A,Text,Breakfast Description,Yes,Consider creating categories for common breakfast types,Highly variable free-text responses
Dietary Pattern,96_Lunch,lunch_description,DietaryPattern_lunch_description,Description of typical lunch,String,N/A,N/A,Text,Lunch Description,Yes,Consider creating categories for common lunch types,Highly variable free-text responses
Dietary Pattern,97_Dinner,dinner_description,DietaryPattern_dinner_description,Description of typical dinner,String,N/A,N/A,Text,Dinner Description,Yes,Consider creating categories for common dinner types,Highly variable free-text responses
Dietary Pattern,98_Breakfast_daily,has_daily_breakfast,DietaryPattern_has_daily_breakfast,Whether participant has breakfast daily,Boolean,N/A,"Yes, No",Radio,Has Daily Breakfast,Yes,"Consider adding follow-up question for frequency if ""No""",Some inconsistent terminology
Dietary Pattern,99_1_bowl_rice_per_d,has_rice_at_dinner,DietaryPattern_has_rice_at_dinner,Whether participant has >1 bowl of rice per day at dinner,Boolean,N/A,"Yes, No",Radio,Has Rice at Dinner,Yes,Consider quantifying amount more precisely,Some entries include additional details
Dietary Pattern,100_Meat_dishes_3_or,frequent_meat_consumption,DietaryPattern_frequent_meat_consumption,Whether participant has meat dishes 3 or more times per week,Boolean,N/A,"Yes, No",Radio,Frequent Meat Consumption,Yes,Consider adding follow-up question for specific types of meat,Some entries include additional details
Dietary Pattern,101_Eating_outFast_f,frequent_eating_out,DietaryPattern_frequent_eating_out,Whether participant eats out/fast food 3 or more times a week,Boolean,N/A,"Yes, No",Radio,Frequent Eating Out,Yes,Consider adding follow-up question for types of restaurants/food,Some entries include additional details
Dietary Pattern,102_Sweetscakes_more,frequent_sweets_consumption,DietaryPattern_frequent_sweets_consumption,Whether participant has sweets/cakes more than once a week,Boolean,N/A,"Yes, No",Radio,Frequent Sweets Consumption,Yes,Consider quantifying frequency and amount more precisely,Some entries include additional details
Exercise Habits,ec5_branch_owner_uuid,branch_owner_id,ExerciseHabits_branch_owner_id,Unique identifier for branch owner,String,N/A,N/A,Text,Branch Owner ID,No,Hash or encrypt if retention is necessary for audit purposes,None observed
Exercise Habits,ec5_branch_uuid,branch_id,ExerciseHabits_branch_id,Unique identifier for branch,String,N/A,N/A,Text,Branch ID,No,Hash or encrypt if retention is necessary for data integrity,None observed
Exercise Habits,created_at,exercise_entry_datetime,ExerciseHabits_exercise_entry_datetime,Date and time of exercise habits data entry,DateTime,N/A,N/A,Date,Exercise Entry Date,No,Convert to consistent datetime format (ISO 8601),Some inconsistent formats
Exercise Habits,uploaded_at,exercise_upload_datetime,ExerciseHabits_exercise_upload_datetime,Date and time of exercise habits data upload,DateTime,N/A,N/A,Date,Exercise Upload Date,No,Convert to consistent datetime format (ISO 8601),Some inconsistent formats
Exercise Habits,created_by,exercise_entry_user,ExerciseHabits_exercise_entry_user,User who entered the exercise habits data,String,N/A,N/A,Text,Exercise Entry User,No,Anonymize or remove for privacy,None observed
Exercise Habits,title,identifier,ExerciseHabits_identifier,Unique id of data entry,String,,,Text,Identifier,No,Remove from final,none
Exercise Habits,104_Frequency_of_Exe,exercise_frequency,ExerciseHabits_exercise_frequency,Frequency of exercise,Categorical,N/A,"Daily, 2-3 times a week, ï¹¤5 times a month, None",Dropdown,Exercise Frequency,Yes,Consider adding more granular options,Some inconsistent terminology
Exercise Habits,105_Average_step_cou,average_daily_steps,ExerciseHabits_average_daily_steps,Average daily step count,Integer,steps,N/A,Numeric,Average Daily Steps,Yes,"Validate range (e.g., 0-50000), consider source of data (e.g., pedometer, smartphone)",Some entries include units or ranges
Exercise Habits,106_Activity_at_work,work_activity_level,ExerciseHabits_work_activity_level,Level of physical activity at work,Categorical,N/A,"High physical activity, Moderate physical activity, Desk Job, Unemployed",Dropdown,Work Activity Level,Yes,Consider adding more detailed categories,Some entries don't match predefined categories
Exercise Habits,107_Type_of_exercise,exercise_types,ExerciseHabits_exercise_types,Types of exercise performed,Categorical,N/A,"Walking, Running, Weight training/Strength Training, Cardio workout, Yoga, Other",Checkbox,Exercise Types,Yes,"Allow multiple selections, add field for ""Other"" specification",Some entries include multiple types in free text
Food Frequency List,ec5_branch_owner_uuid,branch_owner_id,FoodFrequencyList_branch_owner_id,Unique identifier for branch owner,String,N/A,N/A,Text,Branch Owner ID,No,Hash or encrypt if retention is necessary for audit purposes,None observed
Food Frequency List,ec5_branch_uuid,branch_id,FoodFrequencyList_branch_id,Unique identifier for branch,String,N/A,N/A,Text,Branch ID,No,Hash or encrypt if retention is necessary for data integrity,None observed
Food Frequency List,created_at,food_freq_entry_datetime,FoodFrequencyList_food_freq_entry_datetime,Date and time of food frequency data entry,DateTime,N/A,N/A,Date,Food Frequency Entry Date,No,Convert to consistent datetime format (ISO 8601),Some inconsistent formats
Food Frequency List,uploaded_at,food_freq_upload_datetime,FoodFrequencyList_food_freq_upload_datetime,Date and time of food frequency data upload,DateTime,N/A,N/A,Date,Food Frequency Upload Date,No,Convert to consistent datetime format (ISO 8601),Some inconsistent formats
Food Frequency List,created_by,food_freq_entry_user,FoodFrequencyList_food_freq_entry_user,User who entered the food frequency data,String,N/A,N/A,Text,Food Frequency Entry User,No,Anonymize or remove for privacy,None observed
Food Frequency List,title,identifier,FoodFrequencyList_identifier,Unique id of data entry,String,,,Text,Identifier,No,Remove from final,none
Food Frequency List,109_Cereals,cereals_frequency,FoodFrequencyList_cereals_frequency,Frequency of cereal consumption,Categorical,N/A,"Daily, Weekly, Monthly, Occasionally, Never",Dropdown,Cereals Consumption Frequency,Yes,Consider adding quantity information,Some entries include additional details
Food Frequency List,110_Pulses,pulses_frequency,FoodFrequencyList_pulses_frequency,Frequency of pulse consumption,Categorical,N/A,"Daily, Weekly, Monthly, Occasionally, Never",Dropdown,Pulses Consumption Frequency,Yes,Consider adding quantity information,Some entries include additional details
Food Frequency List,111_Green_leafy_vege,green_leafy_veg_frequency,FoodFrequencyList_green_leafy_veg_frequency,Frequency of green leafy vegetable consumption,Categorical,N/A,"Daily, Weekly, Monthly, Occasionally, Never",Dropdown,Green Leafy Veg Consumption Frequency,Yes,Consider adding quantity information,Some entries include additional details
Food Frequency List,112_Roots_and_tubers,roots_tubers_frequency,FoodFrequencyList_roots_tubers_frequency,Frequency of roots and tubers consumption,Categorical,N/A,"Daily, Weekly, Monthly, Occasionally, Never",Dropdown,Roots and Tubers Consumption Frequency,Yes,Consider adding quantity information,Some entries include additional details
Food Frequency List,113_Other_vegetables,other_veg_frequency,FoodFrequencyList_other_veg_frequency,Frequency of other vegetable consumption,Categorical,N/A,"Daily, Weekly, Monthly, Occasionally, Never",Dropdown,Other Vegetables Consumption Frequency,Yes,Consider adding quantity information,Some entries include additional details
Food Frequency List,114_Fruits,fruits_frequency,FoodFrequencyList_fruits_frequency,Frequency of fruit consumption,Categorical,N/A,"Daily, Weekly, Monthly, Occasionally, Never",Dropdown,Fruits Consumption Frequency,Yes,Consider adding quantity information,Some entries include additional details
Food Frequency List,115_Egg,egg_frequency,FoodFrequencyList_egg_frequency,Frequency of egg consumption,Categorical,N/A,"Daily, Weekly, Monthly, Occasionally, Never",Dropdown,Egg Consumption Frequency,Yes,Consider adding quantity information,Some entries include additional details
Food Frequency List,116_Nuts,nuts_frequency,FoodFrequencyList_nuts_frequency,Frequency of nut consumption,Categorical,N/A,"Daily, Weekly, Monthly, Occasionally, Never",Dropdown,Nuts Consumption Frequency,Yes,Consider adding quantity information,Some entries include additional details
Food Frequency List,117_Fats_and_Oils,fats_oils_frequency,FoodFrequencyList_fats_oils_frequency,Frequency of fats and oils consumption,Categorical,N/A,"Daily, Weekly, Monthly, Occasionally, Never",Dropdown,Fats and Oils Consumption Frequency,Yes,Consider adding quantity information,Some entries include additional details
Food Frequency List,118_Sugars_and_Jagge,sugars_jaggery_frequency,FoodFrequencyList_sugars_jaggery_frequency,Frequency of sugars and jaggery consumption,Categorical,N/A,"Daily, Weekly, Monthly, Occasionally, Never",Dropdown,Sugars and Jaggery Consumption Frequency,Yes,Consider adding quantity information,Some entries include additional details
Food Frequency List,119_Chocolatesice_cr,sweets_frequency,FoodFrequencyList_sweets_frequency,Frequency of chocolates/ice creams/cool drinks consumption,Categorical,N/A,"Daily, Weekly, Monthly, Occasionally, Never",Dropdown,Sweets Consumption Frequency,Yes,Consider adding quantity information,Some entries include additional details
Food Frequency List,120_Nonvegetarian_fo,non_veg_frequency,FoodFrequencyList_non_veg_frequency,Frequency of non-vegetarian food consumption,Categorical,N/A,"Daily, Weekly, Monthly, Occasionally, Never",Dropdown,Non-Veg Consumption Frequency,Yes,Consider adding quantity and type information,Some entries include additional details
Food Frequency List,121_Tinned_foodJunk_,processed_food_frequency,FoodFrequencyList_processed_food_frequency,Frequency of tinned food/junk food consumption,Categorical,N/A,"Daily, Weekly, Monthly, Occasionally, Never",Dropdown,Processed Food Consumption Frequency,Yes,Consider adding quantity information,Some entries include additional details
Habits,ec5_branch_owner_uuid,branch_owner_id,Habits_branch_owner_id,Unique identifier for branch owner,String,N/A,N/A,Text,Branch Owner ID,No,Hash or encrypt if retention is necessary for audit purposes,None observed
Habits,ec5_branch_uuid,branch_id,Habits_branch_id,Unique identifier for branch,String,N/A,N/A,Text,Branch ID,No,Hash or encrypt if retention is necessary for data integrity,None observed
Habits,created_at,habits_entry_datetime,Habits_habits_entry_datetime,Date and time of habits data entry,DateTime,N/A,N/A,Date,Habits Entry Date,No,Convert to consistent datetime format (ISO 8601),Some inconsistent formats
Habits,uploaded_at,habits_upload_datetime,Habits_habits_upload_datetime,Date and time of habits data upload,DateTime,N/A,N/A,Date,Habits Upload Date,No,Convert to consistent datetime format (ISO 8601),Some inconsistent formats
Habits,created_by,habits_entry_user,Habits_habits_entry_user,User who entered the habits data,String,N/A,N/A,Text,Habits Entry User,No,Anonymize or remove for privacy,None observed
Habits,title,identifier,Habits_identifier,Unique id of data entry,String,,,Text,Identifier,No,Remove from final,none
Habits,89_Smoking,smoking_frequency,Habits_smoking_frequency,Frequency of smoking,Categorical,N/A,"Daily, 2-3 times a week, >4 times a month, Monthly, Occasionally, Never",Dropdown,Smoking Frequency,Yes,"Consider adding quantity information (e.g., cigarettes per day)",Some entries include additional details
Habits,90_Alcohol,alcohol_consumption_frequency,Habits_alcohol_consumption_frequency,Frequency of alcohol consumption,Categorical,N/A,"Daily, 2-3 times a week, >4 times a month, Monthly, Occasionally, Never",Dropdown,Alcohol Consumption Frequency,Yes,Consider adding quantity and type information,Some entries include additional details
Habits,91_Tobacco,tobacco_use_frequency,Habits_tobacco_use_frequency,Frequency of tobacco use,Categorical,N/A,"Daily, 2-3 times a week, >4 times a month, Monthly, Occasionally, Never",Dropdown,Tobacco Use Frequency,Yes,Consider adding quantity and type information,Some entries include additional details
Habits,92_Other_Substance_A,other_substance_use_frequency,Habits_other_substance_use_frequency,Frequency of other substance use,Categorical,N/A,"Daily, 2-3 times a week, >4 times a month, Monthly, Occasionally, Never",Dropdown,Other Substance Use Frequency,Yes,Add field to specify the substance,Some entries include substance names
Habits,93_Elaborate,substance_use_details,Habits_substance_use_details,Additional details about substance use,String,N/A,N/A,Text,Substance Use Details,Yes,Consider creating structured fields for common details,Highly variable free-text responses
COVID-19 Infection,ec5_branch_owner_uuid,branch_owner_id,COVID-19Infection_branch_owner_id,Unique identifier for branch owner,String,N/A,N/A,Text,Branch Owner ID,No,Hash or encrypt if retention is necessary for audit purposes,None observed
COVID-19 Infection,ec5_branch_uuid,branch_id,COVID-19Infection_branch_id,Unique identifier for branch,String,N/A,N/A,Text,Branch ID,No,Hash or encrypt if retention is necessary for data integrity,None observed
COVID-19 Infection,created_at,covid_entry_datetime,COVID-19Infection_covid_entry_datetime,Date and time of COVID-19 data entry,DateTime,N/A,N/A,Date,COVID-19 Data Entry Date,No,Convert to consistent datetime format (ISO 8601),Some inconsistent formats
COVID-19 Infection,uploaded_at,covid_upload_datetime,COVID-19Infection_covid_upload_datetime,Date and time of COVID-19 data upload,DateTime,N/A,N/A,Date,COVID-19 Data Upload Date,No,Convert to consistent datetime format (ISO 8601),Some inconsistent formats
COVID-19 Infection,created_by,covid_entry_user,COVID-19Infection_covid_entry_user,User who entered the COVID-19 data,String,N/A,N/A,Text,COVID-19 Data Entry User,No,Anonymize or remove for privacy,None observed
COVID-19 Infection,title,identifier,COVID-19Infection_identifier,Unique id of data entry,String,,,Text,Identifier,No,Remove from final,none
COVID-19 Infection,123_Were_you_previou,had_covid19,COVID-19Infection_had_covid19,Whether the participant was previously infected with COVID-19,Boolean,N/A,"Yes, No",Radio,Had COVID-19,Yes,"Add follow-up questions for date of infection if ""Yes""",Some entries include additional details
COVID-19 Infection,124_Admission,required_hospitalization,COVID-19Infection_required_hospitalization,Whether COVID-19 infection required hospital admission,Boolean,N/A,"Yes, No",Radio,Required Hospitalization,Yes,"Only applicable if had_covid19 is ""Yes""",Some inconsistencies with previous question
COVID-19 Infection,125_Severity,covid19_severity,COVID-19Infection_covid19_severity,Severity of COVID-19 infection,Categorical,N/A,"Mild, Moderate, Severe",Dropdown,COVID-19 Severity,Yes,"Only applicable if had_covid19 is ""Yes""",Some entries don't match predefined categories
COVID-19 Infection,126_ICU_Admission,required_icu_admission,COVID-19Infection_required_icu_admission,Whether COVID-19 infection required ICU admission,Boolean,N/A,"Yes, No",Radio,Required ICU Admission,Yes,"Only applicable if required_hospitalization is ""Yes""",Some inconsistencies with previous questions
COVID-19 Infection,127_Duration_of_hosp,hospitalization_duration,COVID-19Infection_hospitalization_duration,Duration of hospital stay for COVID-19,Categorical,N/A,"1 week, 2 weeks, 3 weeks, 1 month or more, Never",Dropdown,Hospitalization Duration,Yes,Consider using a numeric field for more precise data,Some entries include exact durations
COVID-19 Infection,128_Rehab_details_if,rehabilitation_details,COVID-19Infection_rehabilitation_details,Details of rehabilitation after COVID-19,String,N/A,N/A,Text,Rehabilitation Details,Yes,Consider creating structured fields for common rehab types,Highly variable free-text responses
Checklist for Samples,ec5_uuid,sample_checklist_id,ChecklistforSamples_sample_checklist_id,Unique identifier for sample checklist entry,String,N/A,N/A,Text,Sample Checklist ID,No,Hash or encrypt if retention is necessary for data integrity,None observed
Checklist for Samples,ec5_parent_uuid,participant_id,ChecklistforSamples_participant_id,Unique identifier for participant,String,N/A,N/A,Text,Participant ID,Yes,Ensure consistent format across all sheets,Some inconsistencies in format
Checklist for Samples,created_at,checklist_entry_datetime,ChecklistforSamples_checklist_entry_datetime,Date and time of checklist data entry,DateTime,N/A,N/A,Date,Checklist Entry Date,No,Convert to consistent datetime format (ISO 8601),Some inconsistent formats
Checklist for Samples,uploaded_at,checklist_upload_datetime,ChecklistforSamples_checklist_upload_datetime,Date and time of checklist data upload,DateTime,N/A,N/A,Date,Checklist Upload Date,No,Convert to consistent datetime format (ISO 8601),Some inconsistent formats
Checklist for Samples,created_by,checklist_entry_user,ChecklistforSamples_checklist_entry_user,User who entered the checklist data,String,N/A,N/A,Text,Checklist Entry User,No,Anonymize or remove for privacy,None observed
Checklist for Samples,title,identifier,ChecklistforSamples_identifier,Unique id of data entry,String,,,Text,Identifier,No,Remove from final,none
Checklist for Samples,229_GroupID,group_id,ChecklistforSamples_group_id,Group identifier for participant,String,N/A,N/A,Text,Group ID,No,"Ensure consistent format (e.g., ""2A-009"")",Some inconsistencies in format
Checklist for Samples,230_Screening,screening_completed,ChecklistforSamples_screening_completed,Whether screening was completed,Boolean,N/A,"Yes, No",Radio,Screening Completed,Yes,Consider adding date of screening,Some entries include additional details
Checklist for Samples,231_Wrist_tag_given,wrist_tag_given,ChecklistforSamples_wrist_tag_given,Whether wrist tag was given,Boolean,N/A,"Yes, No",Radio,Wrist Tag Given,Yes,Consider adding tag number if applicable,Some entries include tag numbers
Checklist for Samples,232_Urine_Sample,urine_sample_collected,ChecklistforSamples_urine_sample_collected,Whether urine sample was collected,Boolean,N/A,"Yes, No",Radio,Urine Sample Collected,Yes,Consider adding sample quality information,Some entries include quality notes
Checklist for Samples,233_Blood_Sample,blood_sample_collected,ChecklistforSamples_blood_sample_collected,Whether blood sample was collected,Boolean,N/A,"Yes, No",Radio,Blood Sample Collected,Yes,Consider adding sample quality information,Some entries include quality notes
Checklist for Samples,234_Cheek_Swab,cheek_swab_collected,ChecklistforSamples_cheek_swab_collected,Whether cheek swab was collected,Boolean,N/A,"Yes, No",Radio,Cheek Swab Collected,Yes,Consider adding sample quality information,Some entries include quality notes
Checklist for Samples,235_Hair_Sample,hair_sample_collected,ChecklistforSamples_hair_sample_collected,Whether hair sample was collected,Boolean,N/A,"Yes, No",Radio,Hair Sample Collected,Yes,Consider adding sample quality information,Some entries include quality notes
Checklist for Samples,236_Physical_Examina,physical_exam_completed,ChecklistforSamples_physical_exam_completed,Whether physical examination was completed,Boolean,N/A,"Yes, No",Radio,Physical Exam Completed,Yes,Consider adding date of examination,Some entries include additional details
Checklist for Samples,237_Stool_kit_given,stool_kit_given,ChecklistforSamples_stool_kit_given,Whether stool kit was given,Boolean,N/A,"Yes, No",Radio,Stool Kit Given,Yes,Consider adding follow-up for kit return,Some entries include additional notes
Checklist for Samples,238_Sample_Collection_Date,sample_collection_date,ChecklistforSamples_sample_collection_date,Date when the biological samples were collected,Date,,,Date,Sample Collection Date,Yes,,
Checklist for Samples,239_Sample_Collection_Time,sample_collection_time,ChecklistforSamples_sample_collection_time,Time when the biological samples were collected,Time,,,Time,Sample Collection Time,Yes,,
Physical Examination,ec5_uuid,physical_exam_id,PhysicalExamination_physical_exam_id,Unique identifier for physical examination entry,String,N/A,N/A,Text,Physical Exam ID,No,Hash or encrypt if retention is necessary for data integrity,None observed
Physical Examination,ec5_parent_uuid,participant_id,PhysicalExamination_participant_id,Unique identifier for participant,String,N/A,N/A,Text,Participant ID,Yes,Ensure consistent format across all sheets,Some inconsistencies in format
Physical Examination,created_at,exam_entry_datetime,PhysicalExamination_exam_entry_datetime,Date and time of physical exam data entry,DateTime,N/A,N/A,Date,Exam Entry Date,No,Convert to consistent datetime format (ISO 8601),Some inconsistent formats
Physical Examination,uploaded_at,exam_upload_datetime,PhysicalExamination_exam_upload_datetime,Date and time of physical exam data upload,DateTime,N/A,N/A,Date,Exam Upload Date,No,Convert to consistent datetime format (ISO 8601),Some inconsistent formats
Physical Examination,created_by,exam_entry_user,PhysicalExamination_exam_entry_user,User who entered the physical exam data,String,N/A,N/A,Text,Exam Entry User,No,Anonymize or remove for privacy,None observed
Physical Examination,title,identifier,PhysicalExamination_identifier,Unique id of data entry,String,,,Text,Identifier,No,Remove from final,none
Physical Examination,150_GroupID,group_id,PhysicalExamination_group_id,Group identifier for participant,String,N/A,N/A,Text,Group ID,No,"Ensure consistent format (e.g., ""2A-009"")",Some inconsistencies in format
Physical Examination,151_Anthropometry,anthropometry_completed,PhysicalExamination_anthropometry_completed,Whether anthropometry measurements were taken,Boolean,N/A,"Yes, No",Radio,Anthropometry Completed,Yes,Ensure consistency with Anthropometry sheet,Some inconsistencies with Anthropometry data
Physical Examination,155_Headtotoe_Examin,head_to_toe_exam_completed,PhysicalExamination_head_to_toe_exam_completed,Whether head-to-toe examination was completed,Boolean,N/A,"Yes, No",Radio,Head-to-Toe Exam Completed,Yes,Consider adding specific findings fields,Some entries include examination details
Physical Examination,162_Pallor,pallor_present,PhysicalExamination_pallor_present,Presence of pallor,Boolean,N/A,"Present, Absent",Radio,Pallor Present,Yes,Consider adding severity scale if present,Some entries include severity details
Physical Examination,163_If_abnormal_plea,pallor_details,PhysicalExamination_pallor_details,Details of pallor if present,String,N/A,N/A,Text,Pallor Details,Yes,Consider creating structured fields for common observations,Highly variable free-text responses
Physical Examination,164_Icterus,icterus_present,PhysicalExamination_icterus_present,Presence of icterus,Boolean,N/A,"Present, Absent",Radio,Icterus Present,Yes,Consider adding severity scale if present,Some entries include severity details
Physical Examination,165_If_abnormal_plea,icterus_details,PhysicalExamination_icterus_details,Details of icterus if present,String,N/A,N/A,Text,Icterus Details,Yes,Consider creating structured fields for common observations,Highly variable free-text responses
Physical Examination,166_Cyanosis,cyanosis_present,PhysicalExamination_cyanosis_present,Presence of cyanosis,Boolean,N/A,"Present, Absent",Radio,Cyanosis Present,Yes,Consider adding severity scale if present,Some entries include severity details
Physical Examination,167_If_abnormal_plea,cyanosis_details,PhysicalExamination_cyanosis_details,Details of cyanosis if present,String,N/A,N/A,Text,Cyanosis Details,Yes,Consider creating structured fields for common observations,Highly variable free-text responses
Physical Examination,168_Clubbing,clubbing_present,PhysicalExamination_clubbing_present,Presence of clubbing,Boolean,N/A,"Present, Absent",Radio,Clubbing Present,Yes,Consider adding severity scale if present,Some entries include severity details
Physical Examination,169_If_abnormal_plea,clubbing_details,PhysicalExamination_clubbing_details,Details of clubbing if present,String,N/A,N/A,Text,Clubbing Details,Yes,Consider creating structured fields for common observations,Highly variable free-text responses
Physical Examination,170_Lymphadenopathy,lymphadenopathy_present,PhysicalExamination_lymphadenopathy_present,Presence of lymphadenopathy,Boolean,N/A,"Palpable, Non-palpable",Radio,Lymphadenopathy Present,Yes,Consider adding location and size information,Some entries include additional details
Physical Examination,171_If_abnormal_plea,lymphadenopathy_details,PhysicalExamination_lymphadenopathy_details,Details of lymphadenopathy if present,String,N/A,N/A,Text,Lymphadenopathy Details,Yes,Consider creating structured fields for location and size,Highly variable free-text responses
Physical Examination,172_Edema,edema_present,PhysicalExamination_edema_present,Presence of edema,Boolean,N/A,"Present, Absent",Radio,Edema Present,Yes,Consider adding severity and location information,Some entries include additional details
Physical Examination,173_If_abnormal_plea,edema_details,PhysicalExamination_edema_details,Details of edema if present,String,N/A,N/A,Text,Edema Details,Yes,Consider creating structured fields for severity and location,Highly variable free-text responses
Physical Examination,174_Thyroid,thyroid_condition,PhysicalExamination_thyroid_condition,Condition of thyroid,Categorical,N/A,"Normal, Enlarged",Dropdown,Thyroid Condition,Yes,Consider adding more detailed categories if needed,Some entries include additional observations
Physical Examination,175_If_abnormal_plea,thyroid_details,PhysicalExamination_thyroid_details,Details of thyroid if abnormal,String,N/A,N/A,Text,Thyroid Details,Yes,Consider creating structured fields for common findings,Highly variable free-text responses
Physical Examination,176_Breath_holding_t,breath_holding_time,PhysicalExamination_breath_holding_time,Breath holding time or single breath counting test result,String,N/A,N/A,Text,Breath Holding Time,Yes,Convert to numeric field with consistent unit (seconds),"Some entries include units, some are descriptive"
Physical Examination,177_Walking_speed_15,walking_speed_category,PhysicalExamination_walking_speed_category,Category of walking speed for 15 feet,Categorical,N/A,"<7 sec, >7 sec",Dropdown,Walking Speed Category,Yes,Consider adding actual time in seconds as a separate field,Some entries include exact times
Physical Examination,178_Hand_grip_test_d,hand_grip_strength,PhysicalExamination_hand_grip_strength,Hand grip strength test result,Float,kg,N/A,Numeric,Hand Grip Strength (kg),Yes,"Ensure consistent unit use, validate range","Some entries include units, some are descriptive"
Physical Examination,180_Refractory_error,has_refractory_error,PhysicalExamination_has_refractory_error,Presence of refractory error,Boolean,N/A,"Yes, No",Radio,Has Refractory Error,Yes,Consider adding type of refractory error,Some entries include error types
Physical Examination,181_If_yes_since_whe,refractory_error_duration,PhysicalExamination_refractory_error_duration,Duration of refractory error,String,N/A,N/A,Text,Refractory Error Duration,Yes,Convert to numeric field with consistent unit (years),"Highly variable formats (e.g., ""5 years"", ""since childhood"")"
Physical Examination,182_Last_ophthalmolo,last_eye_exam_category,PhysicalExamination_last_eye_exam_category,Category of time since last ophthalmology consultation,Categorical,N/A,"Within 1 year, More than 1 year ago",Dropdown,Last Eye Exam Category,Yes,Consider adding exact date of last exam,Some entries include exact dates
Physical Examination,183_Any_other_detail,vision_additional_details,PhysicalExamination_vision_additional_details,Additional details about vision,String,N/A,N/A,Text,Vision Additional Details,Yes,Consider creating structured fields for common observations,Highly variable free-text responses
Physical Examination,185_Hearing_aiddiffi,has_hearing_difficulties,PhysicalExamination_has_hearing_difficulties,Presence of hearing aid or difficulty in hearing,Boolean,N/A,"Yes, No",Radio,Has Hearing Difficulties,Yes,Consider separating hearing aid use and hearing difficulty,Some entries specify aid use vs. general difficulty
Physical Examination,186_If_yes_since_whe,hearing_difficulty_duration,PhysicalExamination_hearing_difficulty_duration,Duration of hearing difficulties,String,N/A,N/A,Text,Hearing Difficulty Duration,Yes,Convert to numeric field with consistent unit (years),"Highly variable formats (e.g., ""3 years"", ""since birth"")"
Physical Examination,187_Last_ENT_consult,last_ent_exam_category,PhysicalExamination_last_ent_exam_category,Category of time since last ENT consultation,Categorical,N/A,"Within 1 year, More than 1 year ago",Dropdown,Last ENT Exam Category,Yes,Consider adding exact date of last exam,Some entries include exact dates
Physical Examination,188_Any_other_detail,hearing_additional_details,PhysicalExamination_hearing_additional_details,Additional details about hearing,String,N/A,N/A,Text,Hearing Additional Details,Yes,Consider creating structured fields for common observations,Highly variable free-text responses
Physical Examination,189_Systemic_Examina,systemic_exam_completed,PhysicalExamination_systemic_exam_completed,Whether systemic examination was completed,Boolean,N/A,"Yes, No",Radio,Systemic Exam Completed,Yes,Ensure consistency with Systemic Examination sheet,Some inconsistencies with Systemic Examination data
Physical Examination,193_Annexure1_MMSE_M,mmse_completed,PhysicalExamination_mmse_completed,Whether MMSE was completed,Boolean,N/A,"Yes, No",Radio,MMSE Completed,Yes,Ensure consistency with MMSE sheet,Some inconsistencies with MMSE data
Physical Examination,213_Annexure2_Simple,frailty_assessment_completed,PhysicalExamination_frailty_assessment_completed,Whether Simple Frail Questionnaire was completed,Boolean,N/A,"Yes, No",Radio,Frailty Assessment Completed,Yes,Ensure consistency with Frailty Assessment sheet,Some inconsistencies with Frailty Assessment data
Personal Data,ec5_uuid,personal_data_id,PersonalData_personal_data_id,Unique identifier for personal data entry,String,N/A,N/A,Text,Personal Data ID,No,Hash or encrypt if retention is necessary for data integrity,None observed
Personal Data,ec5_parent_uuid,participant_id,PersonalData_participant_id,Unique identifier for participant,String,N/A,N/A,Text,Participant ID,Yes,Ensure consistent format across all sheets,Some inconsistencies in format
Personal Data,created_at,personal_data_entry_datetime,PersonalData_personal_data_entry_datetime,Date and time of personal data entry,DateTime,N/A,N/A,Date,Personal Data Entry Date,No,Convert to consistent datetime format (ISO 8601),Some inconsistent formats
Personal Data,uploaded_at,personal_data_upload_datetime,PersonalData_personal_data_upload_datetime,Date and time of personal data upload,DateTime,N/A,N/A,Date,Personal Data Upload Date,No,Convert to consistent datetime format (ISO 8601),Some inconsistent formats
Personal Data,created_by,personal_data_entry_user,PersonalData_personal_data_entry_user,User who entered the personal data,String,N/A,N/A,Text,Personal Data Entry User,No,Anonymize or remove for privacy,None observed
Personal Data,title,identifier,PersonalData_identifier,Unique id of data entry,String,,,Text,Identifier,No,Remove from final,
Personal Data,87_GroupID,group_id,PersonalData_group_id,Group identifier for participant,String,N/A,N/A,Text,Group ID,No,"Ensure consistent format (e.g., ""2A-009"")",Some inconsistencies in format
Personal Data,88_Habits,habits_data_collected,PersonalData_habits_data_collected,Whether habits data was collected,Boolean,N/A,"Yes, No",Radio,Habits Data Collected,Yes,Ensure consistency with Habits sheet,Some inconsistencies with Habits data
Personal Data,94_Dietary_Pattern,dietary_pattern_data_collected,PersonalData_dietary_pattern_data_collected,Whether dietary pattern data was collected,Boolean,N/A,"Yes, No",Radio,Dietary Pattern Data Collected,Yes,Ensure consistency with Dietary Pattern sheet,Some inconsistencies with Dietary Pattern data
Personal Data,103_Exercise_Habits,exercise_habits_data_collected,PersonalData_exercise_habits_data_collected,Whether exercise habits data was collected,Boolean,N/A,"Yes, No",Radio,Exercise Habits Data Collected,Yes,Ensure consistency with Exercise Habits sheet,Some inconsistencies with Exercise Habits data
Personal Data,108_Food_Frequency_L,food_frequency_data_collected,PersonalData_food_frequency_data_collected,Whether food frequency data was collected,Boolean,N/A,"Yes, No",Radio,Food Frequency Data Collected,Yes,Ensure consistency with Food Frequency List sheet,Some inconsistencies with Food Frequency data
Personal Data,122_COVID19_Infectio,covid19_data_collected,PersonalData_covid19_data_collected,Whether COVID-19 infection data was collected,Boolean,N/A,"Yes, No",Radio,COVID-19 Data Collected,Yes,Ensure consistency with COVID-19 Infection sheet,Some inconsistencies with COVID-19 data
Personal Data,129_Medical_history_,medical_history_collected,PersonalData_medical_history_collected,Whether medical history was collected,Boolean,N/A,"Yes, No",Radio,Medical History Collected,Yes,Consider adding structured fields for common conditions,Some entries include specific conditions
Personal Data,130_DASS_21_Scale,dass21_completed,PersonalData_dass21_completed,Whether DASS-21 scale was completed,Boolean,N/A,"Yes, No",Radio,DASS-21 Completed,Yes,Ensure consistency with DASS-21 sheet if exists,Some inconsistencies with DASS-21 data if collected separately
Screening Test,ec5_uuid,screening_test_id,ScreeningTest_screening_test_id,Unique identifier for screening test entry,String,N/A,N/A,Text,Screening Test ID,No,Hash or encrypt if retention is necessary for data integrity,None observed
Screening Test,created_at,screening_entry_datetime,ScreeningTest_screening_entry_datetime,Date and time of screening test data entry,DateTime,N/A,N/A,Date,Screening Entry Date,No,Convert to consistent datetime format (ISO 8601),Some inconsistent formats
Screening Test,uploaded_at,screening_upload_datetime,ScreeningTest_screening_upload_datetime,Date and time of screening test data upload,DateTime,N/A,N/A,Date,Screening Upload Date,No,Convert to consistent datetime format (ISO 8601),Some inconsistent formats
Screening Test,created_by,screening_entry_user,ScreeningTest_screening_entry_user,User who entered the screening test data,String,N/A,N/A,Text,Screening Entry User,No,Anonymize or remove for privacy,None observed
Screening Test,title,identifier,ScreeningTest_identifier,Unique id of data entry,String,,,Text,Identifier,No,Remove from final,
Screening Test,1_Personal_Informati,personal_info_collected,ScreeningTest_personal_info_collected,Whether personal information was collected,Boolean,N/A,"Yes, No",Radio,Personal Info Collected,Yes,Ensure consistency with Personal Information sheet,Some inconsistencies with Personal Information data
Screening Test,15_Vitals,vitals_collected,ScreeningTest_vitals_collected,Whether vital signs were collected,Boolean,N/A,"Yes, No",Radio,Vitals Collected,Yes,Ensure consistency with Vitals sheet,Some inconsistencies with Vitals data
Screening Test,23_CoMorbidities,comorbidities_collected,ScreeningTest_comorbidities_collected,Whether comorbidities information was collected,Boolean,N/A,"Yes, No",Radio,Comorbidities Collected,Yes,Ensure consistency with Co-Morbidities sheet,Some inconsistencies with Co-Morbidities data
Screening Test,79_Recent_Alcohol_Co,recent_alcohol_consumption,ScreeningTest_recent_alcohol_consumption,Category of recent alcohol consumption,Categorical,N/A,"<1 week back, >1 week back",Dropdown,Recent Alcohol Consumption,Yes,Consider adding more precise timeframe options,Some entries include specific dates
Screening Test,80_Exclusion_Criteri,exclusion_criteria_present,ScreeningTest_exclusion_criteria_present,List of any exclusion criteria present,String,N/A,N/A,Text,Exclusion Criteria Present,Yes,Consider creating checkbox list for specific criteria,Some entries list multiple criteria
Screening Test,81_Patient_met_inclu,meets_inclusion_criteria,ScreeningTest_meets_inclusion_criteria,Whether patient met inclusion criteria,Boolean,N/A,"Yes, No",Radio,Meets Inclusion Criteria,Yes,"Add field for specifying which criteria were not met if ""No""",Some entries include reasons for exclusion
Screening Test,82_Elaborate_if_any_,exclusion_criteria_details,ScreeningTest_exclusion_criteria_details,Details of exclusion criteria if any,String,N/A,N/A,Text,Exclusion Criteria Details,Yes,Only applicable if exclusion criteria present,Some entries include details when not necessary
Screening Test,83_Group,study_group,ScreeningTest_study_group,Assigned study group,Categorical,N/A,"1A, 1B, 2A, 2B, 3A, 3B, 4A, 4B, 5A, 5B",Dropdown,Study Group,Yes,Ensure consistency with group assignments in other sheets,Some inconsistencies in group labeling
Screening Test,84_ID_In_the_format_,participant_id,ScreeningTest_participant_id,Unique identifier for participant,String,N/A,N/A,Text,Participant ID,Yes,"Ensure consistent format (e.g., ""1A-001"") across all sheets",Some inconsistencies in ID format
Screening Test,85_Collection_City,collection_city,ScreeningTest_collection_city,City where data was collected,Categorical,N/A,"Bengaluru, Mumbai",Dropdown,Collection City,Yes,Consider adding option for other cities if needed,Some entries include other city names
Screening Test,86_Collection_Centre,collection_center,ScreeningTest_collection_center,Specific center where data was collected,Categorical,N/A,"Ramaiah Memorial Hospital, Bangalore Medical College, SMSIMSR, Baptist Hospital",Dropdown,Collection Center,Yes,Consider adding option for other centers if needed,Some entries include other center names
DASS 21 Scale,ec5_branch_owner_uuid,branch_owner_id,DASS21Scale_branch_owner_id,Unique identifier for branch owner,String,N/A,N/A,Text,Branch Owner ID,No,Hash or encrypt if retention is necessary for audit purposes,None observed
DASS 21 Scale,ec5_branch_uuid,branch_id,DASS21Scale_branch_id,Unique identifier for branch,String,N/A,N/A,Text,Branch ID,No,Hash or encrypt if retention is necessary for data integrity,None observed
DASS 21 Scale,created_at,dass21_entry_datetime,DASS21Scale_dass21_entry_datetime,Date and time of DASS-21 data entry,DateTime,N/A,N/A,Date,DASS-21 Entry Date,No,Convert to consistent datetime format (ISO 8601),Some inconsistent formats
DASS 21 Scale,uploaded_at,dass21_upload_datetime,DASS21Scale_dass21_upload_datetime,Date and time of DASS-21 data upload,DateTime,N/A,N/A,Date,DASS-21 Upload Date,No,Convert to consistent datetime format (ISO 8601),Some inconsistent formats
DASS 21 Scale,created_by,dass21_entry_user,DASS21Scale_dass21_entry_user,User who entered the DASS-21 data,String,N/A,N/A,Text,DASS-21 Entry User,No,Anonymize or remove for privacy,None observed
DASS 21 Scale,title,identifier,DASS21Scale_identifier,Unique id of data entry,String,,,Text,Identifier,No,Remove from final,
DASS 21 Scale,131_I_found_it_hard_,difficulty_wind_down,DASS21Scale_difficulty_wind_down,Difficulty to wind down,Integer,N/A,0-3,Numeric,Difficulty to Wind Down,Yes,Validate range (0-3),Some entries out of range
DASS 21 Scale,132_I_was_aware_of_d,dry_mouth_awareness,DASS21Scale_dry_mouth_awareness,Awareness of dryness of mouth,Integer,N/A,0-3,Numeric,Dry Mouth Awareness,Yes,Validate range (0-3),Some entries out of range
DASS 21 Scale,133_I_couldnt_seem_t,positive_feeling_absence,DASS21Scale_positive_feeling_absence,Couldn't seem to experience any positive feeling,Integer,N/A,0-3,Numeric,Absence of Positive Feelings,Yes,Validate range (0-3),Some entries out of range
DASS 21 Scale,134_I_experienced_br,breathing_difficulty,DASS21Scale_breathing_difficulty,Experienced breathing difficulty,Integer,N/A,0-3,Numeric,Breathing Difficulty,Yes,Validate range (0-3),Some entries out of range
DASS 21 Scale,135_I_found_it_diffi,difficulty_work_up_initiative,DASS21Scale_difficulty_work_up_initiative,Difficulty to work up initiative,Integer,N/A,0-3,Numeric,Difficulty in Initiative,Yes,Validate range (0-3),Some entries out of range
DASS 21 Scale,136_I_tended_to_over,over_reaction_tendency,DASS21Scale_over_reaction_tendency,Tendency to over-react to situations,Integer,N/A,0-3,Numeric,Over-reaction Tendency,Yes,Validate range (0-3),Some entries out of range
DASS 21 Scale,137_I_experienced_tr,trembling_experience,DASS21Scale_trembling_experience,Experience of trembling,Integer,N/A,0-3,Numeric,Trembling Experience,Yes,Validate range (0-3),Some entries out of range
DASS 21 Scale,138_I_felt_that_I_wa,nervous_energy_usage,DASS21Scale_nervous_energy_usage,Felt using a lot of nervous energy,Integer,N/A,0-3,Numeric,Nervous Energy Usage,Yes,Validate range (0-3),Some entries out of range
DASS 21 Scale,139_I_was_worried_ab,worry_about_panic_situations,DASS21Scale_worry_about_panic_situations,Worry about situations to panic and make a fool of self,Integer,N/A,0-3,Numeric,Worry About Panic Situations,Yes,Validate range (0-3),Some entries out of range
DASS 21 Scale,140_I_felt_that_I_ha,feeling_no_positive_prospects,DASS21Scale_feeling_no_positive_prospects,Feeling of nothing to look forward to,Integer,N/A,0-3,Numeric,No Positive Prospects,Yes,Validate range (0-3),Some entries out of range
DASS 21 Scale,141_I_found_myself_g,agitation_experience,DASS21Scale_agitation_experience,Found self getting agitated,Integer,N/A,0-3,Numeric,Agitation Experience,Yes,Validate range (0-3),Some entries out of range
DASS 21 Scale,142_I_felt_downheart,feeling_downhearted_blue,DASS21Scale_feeling_downhearted_blue,Felt down-hearted and blue,Integer,N/A,0-3,Numeric,Feeling Down-hearted,Yes,Validate range (0-3),Some entries out of range
DASS 21 Scale,143_I_was_intolerant,intolerance_to_interruptions,DASS21Scale_intolerance_to_interruptions,Intolerance of anything keeping from getting on,Integer,N/A,0-3,Numeric,Intolerance to Interruptions,Yes,Validate range (0-3),Some entries out of range
DASS 21 Scale,144_I_felt_I_was_clo,feeling_close_to_panic,DASS21Scale_feeling_close_to_panic,Felt close to panic,Integer,N/A,0-3,Numeric,Feeling Close to Panic,Yes,Validate range (0-3),Some entries out of range
DASS 21 Scale,145_I_was_unable_to_,inability_to_enthusiasm,DASS21Scale_inability_to_enthusiasm,Unable to become enthusiastic about anything,Integer,N/A,0-3,Numeric,Inability to Enthusiasm,Yes,Validate range (0-3),Some entries out of range
DASS 21 Scale,146_I_found_it_diffi,difficulty_to_relax,DASS21Scale_difficulty_to_relax,Difficulty to relax,Integer,N/A,0-3,Numeric,Difficulty to Relax,Yes,Validate range (0-3),Some entries out of range
DASS 21 Scale,147_I_felt_I_wasnt_w,feeling_worthless,DASS21Scale_feeling_worthless,Felt worthless,Integer,N/A,0-3,Numeric,Feeling Worthless,Yes,Validate range (0-3),Some entries out of range
DASS 21 Scale,148_I_felt_that_I_wa,irritability,DASS21Scale_irritability,Felt rather touchy,Integer,N/A,0-3,Numeric,Irritability,Yes,Validate range (0-3),Some entries out of range
DASS 21 Scale,149_I_was_aware_of_t,heart_action_awareness,DASS21Scale_heart_action_awareness,Awareness of heart action in absence of physical exertion,Integer,N/A,0-3,Numeric,Heart Action Awareness,Yes,Validate range (0-3),Some entries out of range
